<?xml version="1.0" encoding="UTF-8"?>
<!DOCTYPE module PUBLIC "-//Puppy Crawl//DTD Check Configuration 1.2//EN" "http://www.puppycrawl.com/dtds/configuration_1_2.dtd">
<module name="Checker">
    <metadata name="com.atlas-sw.eclipse" value="I like Sydney" />
    <property name="severity" value="error"/>
    <module name="FileTabCharacter" />
    <module name="TreeWalker">
        <property name="tabWidth" value="4" />
        <module name="ConstantName">
            <property name="format" value="^[A-Z_][A-Z0-9]*(_[A-Z0-9]+)*$" />
        </module>
        <module name="LeftCurly">
            <property name="tokens" value="CLASS_DEF,INTERFACE_DEF,METHOD_DEF,CTOR_DEF" />
        </module>
        <module name="LeftCurly">
            <property name="tokens"
                value="LITERAL_CATCH,LITERAL_DO,LITERAL_ELSE,LITERAL_FINALLY,LITERAL_FOR,LITERAL_IF,LITERAL_SWITCH,LITERAL_SYNCHRONIZED,LITERAL_TRY,LITERAL_WHILE" />
        </module>
        <module name="LineLength">
            <property name="severity" value="ignore" />
            <property name="ignorePattern" value="^\s+\*" />
            <property name="max" value="250" />
        </module>
        <module name="AvoidStarImport" />
        <module name="EmptyBlock">
            <property name="severity" value="ignore" />
        </module>
        <module name="EmptyForIteratorPad">
            <property name="severity" value="ignore" />
        </module>
        <module name="EqualsHashCode" />
        <module name="IllegalCatch">
            <property name="severity" value="ignore" />
        </module>
        <module name="ImportControl">
            <property name="severity" value="ignore" />
        </module>
        <module name="IllegalImport" />
        <module name="IllegalInstantiation" />
        <module name="IllegalThrows" />
        <module name="InnerAssignment">
            <property name="severity" value="ignore" />
        </module>
        <module name="JavadocType">
            <property name="severity" value="ignore" />
            <property name="authorFormat" value="\S" />
        </module>
        <module name="JavadocMethod">
            <property name="severity" value="ignore" />
            <property name="allowUndeclaredRTE" value="true" />
            <property name="allowThrowsTagsForSubclasses" value="true" />
        </module>
        <module name="JavadocVariable">
            <property name="severity" value="ignore" />
        </module>
        <module name="JavadocStyle">
            <property name="severity" value="ignore" />
            <property name="scope" value="public" />
        </module>
        <module name="LocalFinalVariableName" />
        <module name="LocalVariableName" />
        <module name="MemberName">
            <property name="format" value="^_[a-zA-Z0-9]*$" />
        </module>
        <module name="MethodLength">
            <property name="severity" value="ignore" />
            <property name="max" value="300" />
        </module>
        <module name="MethodName" />
        <module name="MethodParamPad">
            <property name="severity" value="ignore" />
        </module>
        <module name="ModifierOrder" />
        <module name="NeedBraces">
            <property name="severity" value="ignore" />
        </module>
        <module name="NoWhitespaceAfter">
            <property name="severity" value="ignore" />
        </module>
        <module name="NoWhitespaceBefore">
            <property name="severity" value="ignore" />
        </module>
        <module name="NoWhitespaceBefore">
            <property name="severity" value="ignore" />
            <property name="allowLineBreaks" value="true" />
            <property name="tokens" value="DOT" />
        </module>
        <module name="OperatorWrap">
            <property name="severity" value="ignore" />
        </module>
        <module name="OperatorWrap">
            <property name="severity" value="ignore" />
            <property name="option" value="eol" />
            <property name="tokens"
                value="ASSIGN, DIV_ASSIGN, PLUS_ASSIGN, MINUS_ASSIGN, STAR_ASSIGN, MOD_ASSIGN, SR_ASSIGN, BSR_ASSIGN, SL_ASSIGN, BXOR_ASSIGN, BOR_ASSIGN, BAND_ASSIGN" />
        </module>
        <module name="PackageName" />
        <module name="ParameterName" />
        <module name="ParameterNumber">
            <property name="severity" value="ignore" />
            <property name="max" value="15" />
        </module>
        <module name="ParenPad">
            <property name="severity" value="ignore" />
        </module>
        <module name="TypecastParenPad">
            <property name="severity" value="ignore" />
        </module>
        <module name="RedundantImport" />
        <module name="RedundantModifier">
            <property name="severity" value="ignore" />
        </module>
        <module name="RightCurly">
            <property name="option" value="alone" />
        </module>
        <module name="SimplifyBooleanExpression" />
        <module name="SimplifyBooleanReturn" />
        <module name="StaticVariableName">
            <property name="format" value="^[A-Z_][A-Z0-9_]*$" />
        </module>
        <module name="TypeName" />
        <module name="UnusedImports" />
        <module name="UpperEll" />
        <module name="VisibilityModifier">
            <property name="severity" value="ignore" />
        </module>
        <module name="WhitespaceAfter">
            <property name="severity" value="ignore" />
            <property name="tokens" value="COMMA, SEMI" />
        </module>
        <module name="WhitespaceAround">
            <property name="severity" value="ignore" />
            <property name="tokens"
                value="ASSIGN,BAND,BAND_ASSIGN,BOR,BOR_ASSIGN,BSR,BSR_ASSIGN,BXOR,BXOR_ASSIGN,COLON,DIV,DIV_ASSIGN,EQUAL,GE,GT,LAND,LE,LITERAL_ASSERT,LITERAL_CATCH,                                   LITERAL_DO,LITERAL_ELSE,LITERAL_FINALLY,LITERAL_FOR,LITERAL_IF,LITERAL_RETURN,                                   LITERAL_SYNCHRONIZED,LITERAL_TRY,LITERAL_WHILE,LOR,LT,MINUS,MINUS_ASSIGN,MOD,MOD_ASSIGN,NOT_EQUAL,PLUS,PLUS_ASSIGN,QUESTION,SL,SL_ASSIGN,SR,SR_ASSIGN,STAR,STAR_ASSIGN" />
        </module>
        <module name="FinalClass" />
        <module name="MissingSwitchDefault" />
        <module name="MagicNumber">
            <property name="severity" value="ignore" />
        </module>
        <module name="Indentation">
            <property name="severity" value="ignore" />
            <property name="caseIndent" value="0" />
        </module>
        <module name="ArrayTrailingComma">
            <property name="severity" value="ignore" />
        </module>
        <module name="FinalLocalVariable">
            <property name="severity" value="ignore" />
        </module>
        <module name="CyclomaticComplexity">
            <property name="severity" value="ignore" />
        </module>
        <module name="NestedIfDepth">
            <property name="max" value="8" />
        </module>
        <module name="NestedTryDepth">
            <property name="max" value="6" />
        </module>
        <module name="ExplicitInitialization">
            <property name="severity" value="ignore" />
        </module>
        <module name="HiddenField" />
    </module>
    <module name="Translation" />
</module>
