<?xml version="1.0"?><!--
######################################################################
# Copyright (c)
#   John Holland <john@zoner.org>
# All rights reserved.
#
# This software is licensed as described in the file LICENSE.txt, which
# you should have received as part of this distribution.
#
######################################################################

#    $Id: 830.4010.xml 1055 2007-04-25 20:00:25Z johnholland $
-->
<transaction xid="830">
  <name>Forecast with Release capability - 830</name>
  <loop xid="ISA_LOOP" type="explicit">
    <name>Interchange Control Header</name>
    <usage>R</usage>
    <pos>001</pos>
    <repeat>&gt;1</repeat>
    <segment xid="ISA">
      <name>Interchange Control Header</name>
      <usage>R</usage>
      <pos>010</pos>
      <max_use>1</max_use>
      <element xid="ISA01">
        <data_ele>I01</data_ele>
        <name>Authorization Information Qualifier</name>
        <usage>R</usage>
        <seq>01</seq>
        <valid_codes>
          <code>00</code>
          <code>03</code>
        </valid_codes>
      </element>
      <element xid="ISA02">
        <data_ele>I02</data_ele>
        <name>Authorization Information</name>
        <usage>R</usage>
        <seq>02</seq>
      </element>
      <element xid="ISA03">
        <data_ele>I03</data_ele>
        <name>Security Information Qualifier</name>
        <usage>R</usage>
        <seq>03</seq>
        <valid_codes>
          <code>00</code>
          <code>01</code>
        </valid_codes>
      </element>
      <element xid="ISA04">
        <data_ele>I04</data_ele>
        <name>Security Information</name>
        <usage>R</usage>
        <seq>04</seq>
      </element>
      <element xid="ISA05">
        <data_ele>I05</data_ele>
        <name>Interchange ID Qualifier</name>
        <usage>R</usage>
        <seq>05</seq>
        <valid_codes>
          <code>01</code>
          <code>14</code>
          <code>20</code>
          <code>27</code>
          <code>28</code>
          <code>29</code>
          <code>30</code>
          <code>33</code>
          <code>ZZ</code>
        </valid_codes>
      </element>
      <element xid="ISA06">
        <data_ele>I06</data_ele>
        <name>Interchange Sender ID</name>
        <usage>R</usage>
        <seq>06</seq>
      </element>
      <element xid="ISA07">
        <data_ele>I05</data_ele>
        <name>Interchange ID Qualifier</name>
        <usage>R</usage>
        <seq>07</seq>
        <valid_codes>
          <code>01</code>
          <code>14</code>
          <code>20</code>
          <code>27</code>
          <code>28</code>
          <code>29</code>
          <code>30</code>
          <code>33</code>
          <code>ZZ</code>
        </valid_codes>
      </element>
      <element xid="ISA08">
        <data_ele>I07</data_ele>
        <name>Interchange Receiver ID</name>
        <usage>R</usage>
        <seq>08</seq>
      </element>
      <element xid="ISA09">
        <data_ele>I08</data_ele>
        <name>Interchange Date</name>
        <usage>R</usage>
        <seq>09</seq>
        <valid_codes/>
      </element>
      <element xid="ISA10">
        <data_ele>I09</data_ele>
        <name>Interchange Time</name>
        <usage>R</usage>
        <seq>10</seq>
        <valid_codes>
				</valid_codes>
      </element>
      <element xid="ISA11">
        <data_ele>I10</data_ele>
        <name>Interchange Control Standards Identifier</name>
        <usage>R</usage>
        <seq>11</seq>
        <valid_codes>
          <code>U</code>
        </valid_codes>
      </element>
      <element xid="ISA12">
        <data_ele>I11</data_ele>
        <name>Interchange Control Version Number</name>
        <usage>R</usage>
        <seq>12</seq>
        <valid_codes>
          <code>00401</code>
        </valid_codes>
      </element>
      <element xid="ISA13">
        <data_ele>I12</data_ele>
        <name>Interchange Control Number</name>
        <usage>R</usage>
        <seq>13</seq>
      </element>
      <element xid="ISA14">
        <data_ele>I13</data_ele>
        <name>Acknowledgment Requested</name>
        <usage>R</usage>
        <seq>14</seq>
        <valid_codes>
          <code>0</code>
          <code>1</code>
        </valid_codes>
      </element>
      <element xid="ISA15">
        <data_ele>I14</data_ele>
        <name>Usage Indicator</name>
        <usage>R</usage>
        <seq>15</seq>
        <valid_codes>
          <code>P</code>
          <code>T</code>
        </valid_codes>
      </element>
      <element xid="ISA16">
        <data_ele>I15</data_ele>
        <name>Component Element Separator</name>
        <usage>R</usage>
        <seq>16</seq>
      </element>
    </segment>
      <!--End of ISA segment-->
      <loop xid="GS_LOOP" type="explicit">
      <name>Functional Group Header</name>
      <usage>R</usage>
      <pos>020</pos>
      <repeat>&gt;1</repeat>
      <segment xid="GS">
        <name>Functional Group Header</name>
        <usage>R</usage>
        <pos>020</pos>
        <max_use>1</max_use>
        <element xid="GS01">
          <data_ele>479</data_ele>
          <name>Functional Identifier Code</name>
          <usage>R</usage>
          <seq>01</seq>
          <valid_codes>
            <code>PS</code>
          </valid_codes>
        </element>
        <element xid="GS02">
          <data_ele>142</data_ele>
          <name>Application Sender's Code</name>
          <usage>R</usage>
          <seq>02</seq>
        </element>
        <element xid="GS03">
          <data_ele>124</data_ele>
          <name>Application Receiver's Code</name>
          <usage>R</usage>
          <seq>03</seq>
        </element>
        <element xid="GS04">
          <data_ele>29</data_ele>
          <name>Date</name>
          <usage>R</usage>
          <seq>04</seq>
          <valid_codes>
					</valid_codes>
        </element>
        <element xid="GS05">
          <data_ele>30</data_ele>
          <name>Time</name>
          <usage>R</usage>
          <seq>05</seq>
          <valid_codes>
					</valid_codes>
        </element>
        <element xid="GS06">
          <data_ele>28</data_ele>
          <name>Group Control Number</name>
          <usage>R</usage>
          <seq>06</seq>
        </element>
        <element xid="GS07">
          <data_ele>455</data_ele>
          <name>Responsible Agency Code</name>
          <usage>R</usage>
          <seq>07</seq>
          <valid_codes>
            <code>X</code>
          </valid_codes>
        </element>
        <element xid="GS08">
          <data_ele>480</data_ele>
          <name>Version / Release / Industry Identifier Code</name>
          <usage>R</usage>
          <seq>08</seq>
          <valid_codes>
            <code>004010</code>
          </valid_codes>
        </element>
      </segment>
          <!--End of GS segment-->
          <loop xid="ST_LOOP" type="explicit">
        <name>Transaction Set Header</name>
        <usage>R</usage>
        <pos>020</pos>
        <repeat>&gt;1</repeat>
        <segment xid="ST">
          <name>Transaction Set Header</name>
          <usage>R</usage>
          <pos>010</pos>
          <max_use>1</max_use>
          <element xid="ST01">
            <data_ele>143</data_ele>
            <name>Transaction Set Identifier Code</name>
            <usage>R</usage>
            <seq>01</seq>
            <valid_codes>
              <code>830</code>
            </valid_codes>
          </element>
          <element xid="ST02">
            <data_ele>329</data_ele>
            <name>Transaction Set Control Number</name>
            <usage>R</usage>
            <seq>02</seq>
          </element>
        </segment>
              <!--End of ST segment-->
              <loop xid="HEADER" type="wrapper">
          <name>Table 1 - Header</name>
          <usage>R</usage>
          <pos>010</pos>
          <repeat>&gt;1</repeat>
          <segment xid="BFR">
            <name>Planning Schedule</name>
            <usage>R</usage>
            <pos>010</pos>
            <max_use>1</max_use>
            <syntax>R0203</syntax>
            <element xid="BFR01">
              <data_ele>353</data_ele>
              <name>Transaction Purpose Code</name>
              <usage>R</usage>
              <seq>01</seq>
              <valid_codes>
                <code>05</code>
              </valid_codes>
            </element>
            <element xid="BFR02">
              <data_ele>127</data_ele>
              <name>Forecast Order Number</name>
              <usage>S</usage>
              <seq>02</seq>
            </element>
            <element xid="BFR03">
              <data_ele>328</data_ele>
              <name>Release Number</name>
              <usage>R</usage>
              <seq>03</seq>
            </element>
            <element xid="BFR04">
              <data_ele>675</data_ele>
              <name>Schedule Type Qualifier</name>
              <usage>R</usage>
              <seq>04</seq>
              <valid_codes>
                <code>DL</code>
                <code>SH</code>
              </valid_codes>
            </element>
            <element xid="BFR05">
              <data_ele>676</data_ele>
              <name>Schedule Quantity Qualifier</name>
              <usage>R</usage>
              <seq>05</seq>
              <valid_codes>
                <code>C</code>
                <code>A</code>
              </valid_codes>
            </element>
            <element xid="BFR06">
              <data_ele>373</data_ele>
              <name>Horizon Start Date</name>
              <usage>R</usage>
              <seq>06</seq>
            </element>
            <element xid="BFR07">
              <data_ele>373</data_ele>
              <name>Horizon End Date</name>
              <usage>R</usage>
              <seq>07</seq>
            </element>
            <element xid="BFR08">
              <data_ele>373</data_ele>
              <name>Generation Date</name>
              <usage>R</usage>
              <seq>08</seq>
            </element>
            <element xid="BFR09">
              <data_ele>373</data_ele>
              <name>Fordcast Updated Date</name>
              <usage>S</usage>
              <seq>09</seq>
            </element>
            <element xid="BFR10">
              <data_ele>367</data_ele>
              <name>Contract Number</name>
              <usage>S</usage>
              <seq>10</seq>
            </element>
            <element xid="BFR11">
              <data_ele>324</data_ele>
              <name>Purchase Order Number</name>
              <usage>S</usage>
              <seq>11</seq>
            </element>
          </segment>
                  <!--End of BFR segment-->
                  <loop xid="N1_LOOP" type="wrapper">
            <name>Supplier</name>
            <usage>R</usage>
            <pos>230</pos>
            <repeat>200</repeat>
            <segment xid="N1">
              <name>Payer Identification</name>
              <usage>R</usage>
              <pos>230</pos>
              <max_use>3</max_use>
              <syntax>R0203</syntax>
              <syntax>P0304</syntax>
              <element xid="N101">
                <data_ele>98</data_ele>
                <name>Entity Identifier Code</name>
                <usage>R</usage>
                <seq>01</seq>
                <valid_codes>
                  <code>SU</code>
                  <code>ST</code>
                  <code>MI</code>
                  <code>SF</code>
                </valid_codes>
              </element>
              <element xid="N102">
                <data_ele>93</data_ele>
                <name>Payer Name</name>
                <usage>S</usage>
                <seq>02</seq>
              </element>
              <element xid="N103">
                <data_ele>66</data_ele>
                <name>Identification Code Qualifier</name>
                <usage>S</usage>
                <seq>03</seq>
                <valid_codes>
                  <code>1</code>
                  <code>92</code>
                </valid_codes>
              </element>
              <element xid="N104">
                <data_ele>67</data_ele>
                <name>Payer Identifier</name>
                <usage>S</usage>
                <seq>04</seq>
              </element>
              <element xid="N105">
                <data_ele>706</data_ele>
                <name>Entity Relationship Code</name>
                <usage>N</usage>
                <seq>05</seq>
              </element>
              <element xid="N106">
                <data_ele>98</data_ele>
                <name>Entity Identifier Code</name>
                <usage>N</usage>
                <seq>06</seq>
              </element>
            </segment>
                      <!--End of N1 segment-->
                      <segment xid="PER">
              <name>Administrative Communications Information</name>
              <usage>S</usage>
              <pos>280</pos>
              <max_use>3</max_use>
              <syntax>P0304</syntax>
              <element xid="PER01">
                <data_ele>366</data_ele>
                <name>ContactFunction Code</name>
                <usage>R</usage>
                <seq>01</seq>
                <valid_codes>
                  <code>EX</code>
                </valid_codes>
              </element>
              <element xid="PER02">
                <data_ele>93</data_ele>
                <name>ContactFunction Code</name>
                <usage>S</usage>
                <seq>02</seq>
              </element>
              <element xid="PER03">
                <data_ele>365</data_ele>
                <name>ContactFunction Code</name>
                <usage>S</usage>
                <seq>03</seq>
              </element>
              <element xid="PER04">
                <data_ele>364</data_ele>
                <name>ContactFunction Code</name>
                <usage>S</usage>
                <seq>04</seq>
              </element>
            </segment>
                      <!--End of PER segment-->
          </loop>
                  <!--End of N1_LOOP loop-->
        </loop>
              <!--End of HEADER loop-->
              <loop xid="DETAIL" type="explicit">
          <name>Table 2 - Detail</name>
          <usage>R</usage>
          <pos>010</pos>
          <repeat>&gt;1</repeat>
          <loop xid="LIN_LOOP">
            <name>Line Item</name>
            <usage>R</usage>
            <pos>010</pos>
            <repeat>&gt;1</repeat>
            <segment xid="LIN">
              <name>Item Identification</name>
              <usage>R</usage>
              <pos>010</pos>
              <max_use>&gt;1</max_use>
              <syntax>P0405</syntax>
              <element xid="LIN01">
                <data_ele>350</data_ele>
                <name>Assigned Identification</name>
                <usage>N</usage>
                <seq>01</seq>
              </element>
              <element xid="LIN02">
                <data_ele>235</data_ele>
                <name>Buyer Part Number</name>
                <usage>R</usage>
                <seq>02</seq>
                <valid_codes>
                  <code>BP</code>
                </valid_codes>
              </element>
              <element xid="LIN03">
                <data_ele>234</data_ele>
                <name>Product/Service Id</name>
                <usage>S</usage>
                <seq>03</seq>
              </element>
              <element xid="LIN04">
                <data_ele>235</data_ele>
                <name>Product/Service Id Qualifier</name>
                <usage>S</usage>
                <seq>04</seq>
                <valid_codes>
                  <code>CR</code>
                  <code>DR</code>
                  <code>EC</code>
                  <code>ON</code>
                  <code>PL</code>
                  <code>PO</code>
                  <code>RN</code>
                  <code>RY</code>
                  <code>VP</code>
                </valid_codes>
              </element>
              <element xid="LIN05">
                <data_ele>234</data_ele>
                <name>Product/Service Id</name>
                <usage>S</usage>
                <seq>05</seq>
              </element>
              <element xid="LIN06">
                <data_ele>235</data_ele>
                <name>Product/Service Id Qualifier</name>
                <usage>S</usage>
                <seq>06</seq>
                <valid_codes>
                  <code>CR</code>
                  <code>DR</code>
                  <code>EC</code>
                  <code>ON</code>
                  <code>PL</code>
                  <code>PO</code>
                  <code>RN</code>
                  <code>RY</code>
                  <code>VP</code>
                </valid_codes>
              </element>
              <element xid="LIN07">
                <data_ele>234</data_ele>
                <name>Product/Service Id</name>
                <usage>S</usage>
                <seq>07</seq>
              </element>
              <element xid="LIN08">
                <data_ele>235</data_ele>
                <name>Product/Service Id Qualifier</name>
                <usage>S</usage>
                <seq>08</seq>
                <valid_codes>
                  <code>CR</code>
                  <code>DR</code>
                  <code>EC</code>
                  <code>ON</code>
                  <code>PL</code>
                  <code>PO</code>
                  <code>RN</code>
                  <code>RY</code>
                  <code>VP</code>
                </valid_codes>
              </element>
            </segment>
              <!--End of LIN segment-->
              <segment xid="UIT">
              <name>Unit Detail</name>
              <usage>R</usage>
              <pos>020</pos>
              <max_use>1</max_use>
              <syntax>C0302</syntax>
              <element xid="UIT01">
                <data_ele>355</data_ele>
                <name>Composite Unit of Measure</name>
                <usage>R</usage>
                <seq>01</seq>
              </element>
            </segment>
              <!--End of UIT segment-->
              <segment xid="PID">
              <name>Product/Item Description</name>
              <usage>S</usage>
              <pos>030</pos>
              <max_use>1000</max_use>
              <element xid="PID01">
                <data_ele>349</data_ele>
                <name>Item Descripton Type</name>
                <usage>R</usage>
                <seq>01</seq>
                <valid_codes>
                  <code>F</code>
                </valid_codes>
              </element>
              <element xid="PID02">
                <data_ele>750</data_ele>
                <name>Product/Process Characteristic Code</name>
                <usage>S</usage>
                <seq>02</seq>
              </element>
              <element xid="PID03">
                <data_ele>559</data_ele>
                <name>Product/Process Characteristic Code</name>
                <usage>S</usage>
                <seq>03</seq>
              </element>
              <element xid="PID04">
                <data_ele>751</data_ele>
                <name>Product/Process Characteristic Code</name>
                <usage>S</usage>
                <seq>04</seq>
              </element>
              <element xid="PID05">
                <data_ele>352</data_ele>
                <name>Product/Process Characteristic Code</name>
                <usage>S</usage>
                <seq>05</seq>
              </element>
            </segment>
              <!--End of PID segment-->
              <segment xid="ATH">
              <name>Resource Authorization</name>
              <usage>S</usage>
              <pos>230</pos>
              <max_use>20</max_use>
              <syntax>R0203</syntax>
              <syntax>C0305</syntax>
              <syntax>C0405</syntax>
              <element xid="ATH01">
                <data_ele>672</data_ele>
                <name>Resource Authorization Code</name>
                <usage>R</usage>
                <seq>01</seq>
                <valid_codes>
                  <code>FI</code>
                  <code>MT</code>
                  <code>PQ</code>
                </valid_codes>
              </element>
              <element xid="ATH02">
                <data_ele>373</data_ele>
                <name>Resource Authorization Date</name>
                <usage>S</usage>
                <seq>02</seq>
              </element>
              <element xid="ATH03">
                <data_ele>380</data_ele>
                <name>Quantity</name>
                <usage>S</usage>
                <seq>03</seq>
              </element>
              <element xid="ATH04">
                <data_ele>380</data_ele>
                <name>Quantity</name>
                <usage>N</usage>
                <seq>04</seq>
              </element>
              <element xid="ATH05">
                <data_ele>373</data_ele>
                <name>Cumulative Start Date</name>
                <usage>S</usage>
                <seq>05</seq>
              </element>
            </segment>
              <!--End of ATH segment-->
              <loop xid="FST_LOOP" type="wrapper">
              <name>Forecast</name>
              <usage>R</usage>
              <pos>410</pos>
              <repeat>&gt;1</repeat>
              <segment xid="FST">
                <name>Forecast Schedule</name>
                <usage>R</usage>
                <pos>410</pos>
                <max_use>1000</max_use>
                <syntax>P0607</syntax>
                <syntax>P0809</syntax>
                <element xid="FST01">
                  <data_ele>380</data_ele>
                  <name>Quantity</name>
                  <usage>R</usage>
                  <seq>01</seq>
                </element>
                <element xid="FST02">
                  <data_ele>680</data_ele>
                  <name>Forecast Qualifier</name>
                  <usage>R</usage>
                  <seq>02</seq>
                  <valid_codes>
                    <code>A</code>
                    <code>C</code>
                    <code>D</code>
                    <code>B</code>
                    <code>Z</code>
                  </valid_codes>
                </element>
                <element xid="FST03">
                  <data_ele>681</data_ele>
                  <name>Forecast Timing Qualifier</name>
                  <usage>R</usage>
                  <seq>03</seq>
                  <valid_codes>
                    <code>F</code>
                    <code>M</code>
                    <code>W</code>
                    <code>D</code>
                    <code>Z</code>
                  </valid_codes>
                </element>
                <element xid="FST04">
                  <data_ele>373</data_ele>
                  <name>Forecast Schedule Date</name>
                  <usage>R</usage>
                  <seq>04</seq>
                </element>
              </segment>
                  <!--End of FST segment-->
            </loop>
              <!--End of FST_LOOP loop-->
              <loop xid="SHP_LOOP" type="wrapper">
              <name>Ship/RecInfo</name>
              <usage>R</usage>
              <pos>470</pos>
              <repeat>&gt;1</repeat>
              <segment xid="SHP">
                <name>Shipped/Received Information</name>
                <usage>R</usage>
                <pos>470</pos>
                <max_use>99</max_use>
                <syntax>C0102</syntax>
                <syntax>L030405</syntax>
                <syntax>C0403</syntax>
                <element xid="SHP01">
                  <data_ele>673</data_ele>
                  <name>Quantity Qualifier</name>
                  <usage>R</usage>
                  <seq>01</seq>
                  <valid_codes>
                    <code>01</code>
                    <code>02</code>
                  </valid_codes>
                </element>
                <element xid="SHP02">
                  <data_ele>380</data_ele>
                  <name>Quantity</name>
                  <usage>R</usage>
                  <seq>02</seq>
                </element>
                <element xid="SHP03">
                  <data_ele>374</data_ele>
                  <name>Date/Time Qualifier</name>
                  <usage>R</usage>
                  <seq>03</seq>
                  <valid_codes>
                    <code>011</code>
                    <code>050</code>
                    <code>051</code>
                  </valid_codes>
                </element>
                <element xid="SHP04">
                  <data_ele>373</data_ele>
                  <name>Date</name>
                  <usage>S</usage>
                  <seq>04</seq>
                </element>
              </segment>
                  <!--End of SHP segment-->
                  <segment xid="REF">
                <name>Reference Identification</name>
                <usage>S</usage>
                <pos>480</pos>
                <max_use>1</max_use>
                <syntax>R0203</syntax>
                <element xid="REF01">
                  <data_ele>128</data_ele>
                  <name>Reference Identification Qualifier</name>
                  <usage>R</usage>
                  <seq>01</seq>
                  <valid_codes>
                    <code>SI</code>
                  </valid_codes>
                </element>
                <element xid="REF02">
                  <data_ele>127</data_ele>
                  <name>Reference Identification</name>
                  <usage>R</usage>
                  <seq>02</seq>
                </element>
              </segment>
                  <!--End of REF segment-->
            </loop>
              <!--End of SHP_LOOP loop-->
          </loop>
                  <!--End of LIN_LOOP loop-->
        </loop>
              <!--End of DETAIL loop-->
              <loop xid="FOOTER" type="wrapper">
          <name>Table 3 - Footer</name>
          <usage>R</usage>
          <pos>010</pos>
          <repeat>1</repeat>
          <segment xid="CTT">
            <name>Transaction Totals</name>
            <usage>S</usage>
            <pos>010</pos>
            <max_use>1</max_use>
            <syntax>P0304</syntax>
            <element xid="CTT01">
              <data_ele>354</data_ele>
              <name>Number of Line Items</name>
              <usage>R</usage>
              <seq>01</seq>
            </element>
            <element xid="CTT02">
              <data_ele>347</data_ele>
              <name>Hash Total</name>
              <usage>S</usage>
              <seq>02</seq>
            </element>
          </segment>
                  <!--End of CTT segment-->
        </loop>
              <!--End of FOOTER loop-->
              <segment xid="SE">
          <name>Transaction Set Trailer</name>
          <usage>R</usage>
          <pos>020</pos>
          <max_use>1</max_use>
          <element xid="SE01">
            <data_ele>96</data_ele>
            <name>Transaction Segment Count</name>
            <usage>R</usage>
            <seq>01</seq>
          </element>
          <element xid="SE02">
            <data_ele>329</data_ele>
            <name>Transaction Set Control Number</name>
            <usage>R</usage>
            <seq>02</seq>
          </element>
        </segment>
              <!--End of SE segment-->
      </loop>
          <!--End of ST_LOOP loop-->
          <segment xid="GE">
        <name>Functional Group Trailer</name>
        <usage>R</usage>
        <pos>030</pos>
        <max_use>1</max_use>
        <element xid="GE01">
          <data_ele>97</data_ele>
          <name>Number of Transaction Sets Included</name>
          <usage>R</usage>
          <seq>01</seq>
        </element>
        <element xid="GE02">
          <data_ele>28</data_ele>
          <name>Group Control Number</name>
          <usage>R</usage>
          <seq>02</seq>
        </element>
      </segment>
          <!--End of GE segment-->
    </loop>
      <!--End of GS_LOOP loop-->
      <segment xid="IEA">
      <name>Interchange Control Trailer</name>
      <usage>R</usage>
      <pos>040</pos>
      <max_use>1</max_use>
      <element xid="IEA01">
        <data_ele>I16</data_ele>
        <name>Number of Included Functional Groups</name>
        <usage>R</usage>
        <seq>01</seq>
      </element>
      <element xid="IEA02">
        <data_ele>I12</data_ele>
        <name>Interchange Control Number</name>
        <usage>R</usage>
        <seq>02</seq>
      </element>
    </segment>
      <!--End of IEA segment-->
  </loop>
    <!--End of ISA_LOOP loop-->
</transaction>
