<?xml version="1.0" encoding="UTF-8"?><!--
######################################################################
# Copyright (c)
#   John Holland <john@zoner.org>
# All rights reserved.
#
# This software is licensed as described in the file LICENSE.txt, which
# you should have received as part of this distribution.
#
######################################################################
-->
<codesets>
  <codeset>
    <id>states</id>
    <name>US State or Province Codes</name>
    <data_ele>156</data_ele>
    <version>
      <code>AA</code>
      <code>AB</code>
      <code>AE</code>
      <code>AK</code>
      <code>AL</code>
      <code>AP</code>
      <code>AR</code>
      <code>AS</code>
      <code>AZ</code>
      <code>BC</code>
      <code>CA</code>
      <code>CO</code>
      <code>CT</code>
      <code>DC</code>
      <code>DE</code>
      <code>FL</code>
      <code>FM</code>
      <code>GA</code>
      <code>GU</code>
      <code>HI</code>
      <code>IA</code>
      <code>ID</code>
      <code>IL</code>
      <code>IN</code>
      <code>KS</code>
      <code>KY</code>
      <code>LA</code>
      <code>MA</code>
      <code>MB</code>
      <code>MD</code>
      <code>ME</code>
      <code>MH</code>
      <code>MI</code>
      <code>MN</code>
      <code>MO</code>
      <code>MP</code>
      <code>MS</code>
      <code>MT</code>
      <code>NB</code>
      <code>NC</code>
      <code>ND</code>
      <code>NE</code>
      <code>NF</code>
      <code>NH</code>
      <code>NJ</code>
      <code>NM</code>
      <code>NS</code>
      <code>NT</code>
      <code>NV</code>
      <code>NY</code>
      <code>OH</code>
      <code>OK</code>
      <code>ON</code>
      <code>OR</code>
      <code>PA</code>
      <code>PE</code>
      <code>PQ</code>
      <code>PR</code>
      <code>RI</code>
      <code>SC</code>
      <code>SD</code>
      <code>SK</code>
      <code>TN</code>
      <code>TX</code>
      <code>UT</code>
      <code>VA</code>
      <code>VI</code>
      <code>VT</code>
      <code>WA</code>
      <code>WI</code>
      <code>WV</code>
      <code>WY</code>
      <code>YT</code>
    </version>
  </codeset>
  <codeset>
    <id>country</id>
    <name>Country Codes</name>
    <source>ISO 3166-1 alpha-2</source>
    <data_ele>26</data_ele>
    <version>
      <code>AF</code>
      <code>AL</code>
      <code>DZ</code>
      <code>AS</code>
      <code>AD</code>
      <code>AO</code>
      <code>AI</code>
      <code>AQ</code>
      <code>AG</code>
      <code>AR</code>
      <code>AM</code>
      <code>AW</code>
      <code>AU</code>
      <code>AT</code>
      <code>AZ</code>
      <code>BS</code>
      <code>BH</code>
      <code>BD</code>
      <code>BB</code>
      <code>BY</code>
      <code>BE</code>
      <code>BZ</code>
      <code>BJ</code>
      <code>BM</code>
      <code>BT</code>
      <code>BO</code>
      <code>BA</code>
      <code>BW</code>
      <code>BV</code>
      <code>BR</code>
      <code>IO</code>
      <code>BN</code>
      <code>BG</code>
      <code>BF</code>
      <code>BI</code>
      <code>KH</code>
      <code>CM</code>
      <code>CA</code>
      <code>CV</code>
      <code>KY</code>
      <code>CF</code>
      <code>TD</code>
      <code>CL</code>
      <code>CN</code>
      <code>CX</code>
      <code>CC</code>
      <code>CO</code>
      <code>KM</code>
      <code>CG</code>
      <code>CD</code>
      <code>CK</code>
      <code>CR</code>
      <code>CI</code>
      <code>HR</code>
      <code>CU</code>
      <code>CY</code>
      <code>CZ</code>
      <code>DK</code>
      <code>DJ</code>
      <code>DM</code>
      <code>DO</code>
      <code>TP</code>
      <code>EC</code>
      <code>EG</code>
      <code>SV</code>
      <code>GQ</code>
      <code>ER</code>
      <code>EE</code>
      <code>ET</code>
      <code>FK</code>
      <code>FO</code>
      <code>FJ</code>
      <code>FI</code>
      <code>FR</code>
      <code>GF</code>
      <code>PF</code>
      <code>TF</code>
      <code>GA</code>
      <code>GM</code>
      <code>GE</code>
      <code>DE</code>
      <code>GH</code>
      <code>GI</code>
      <code>GR</code>
      <code>GL</code>
      <code>GD</code>
      <code>GP</code>
      <code>GU</code>
      <code>GT</code>
      <code>GN</code>
      <code>GW</code>
      <code>GY</code>
      <code>HT</code>
      <code>HM</code>
      <code>VA</code>
      <code>HN</code>
      <code>HK</code>
      <code>HU</code>
      <code>IS</code>
      <code>IN</code>
      <code>ID</code>
      <code>IR</code>
      <code>IQ</code>
      <code>IE</code>
      <code>IL</code>
      <code>IT</code>
      <code>JM</code>
      <code>JP</code>
      <code>JO</code>
      <code>KZ</code>
      <code>KE</code>
      <code>KI</code>
      <code>KP</code>
      <code>KR</code>
      <code>KW</code>
      <code>KG</code>
      <code>LA</code>
      <code>LV</code>
      <code>LB</code>
      <code>LS</code>
      <code>LR</code>
      <code>LY</code>
      <code>LI</code>
      <code>LT</code>
      <code>LU</code>
      <code>MO</code>
      <code>MK</code>
      <code>MG</code>
      <code>MW</code>
      <code>MY</code>
      <code>MV</code>
      <code>ML</code>
      <code>MT</code>
      <code>MH</code>
      <code>MQ</code>
      <code>MR</code>
      <code>MU</code>
      <code>YT</code>
      <code>MX</code>
      <code>FM</code>
      <code>MD</code>
      <code>MC</code>
      <code>MN</code>
      <code>MS</code>
      <code>MA</code>
      <code>MZ</code>
      <code>MM</code>
      <code>NA</code>
      <code>NR</code>
      <code>NP</code>
      <code>NL</code>
      <code>AN</code>
      <code>NC</code>
      <code>NZ</code>
      <code>NI</code>
      <code>NE</code>
      <code>NG</code>
      <code>NU</code>
      <code>NF</code>
      <code>MP</code>
      <code>NO</code>
      <code>OM</code>
      <code>PK</code>
      <code>PW</code>
      <code>PS</code>
      <code>PA</code>
      <code>PG</code>
      <code>PY</code>
      <code>PE</code>
      <code>PH</code>
      <code>PN</code>
      <code>PL</code>
      <code>PT</code>
      <code>PR</code>
      <code>QA</code>
      <code>RE</code>
      <code>RO</code>
      <code>RU</code>
      <code>RW</code>
      <code>SH</code>
      <code>KN</code>
      <code>LC</code>
      <code>PM</code>
      <code>VC</code>
      <code>WS</code>
      <code>SM</code>
      <code>ST</code>
      <code>SA</code>
      <code>SN</code>
      <code>SC</code>
      <code>SL</code>
      <code>SG</code>
      <code>SK</code>
      <code>SI</code>
      <code>SB</code>
      <code>SO</code>
      <code>ZA</code>
      <code>GS</code>
      <code>ES</code>
      <code>LK</code>
      <code>SD</code>
      <code>SR</code>
      <code>SJ</code>
      <code>SZ</code>
      <code>SE</code>
      <code>CH</code>
      <code>SY</code>
      <code>TW</code>
      <code>TJ</code>
      <code>TZ</code>
      <code>TH</code>
      <code>TG</code>
      <code>TK</code>
      <code>TO</code>
      <code>TT</code>
      <code>TN</code>
      <code>TR</code>
      <code>TM</code>
      <code>TC</code>
      <code>TV</code>
      <code>UG</code>
      <code>UA</code>
      <code>AE</code>
      <code>GB</code>
      <code>US</code>
      <code>UM</code>
      <code>UY</code>
      <code>UZ</code>
      <code>VU</code>
      <code>VE</code>
      <code>VN</code>
      <code>VG</code>
      <code>VI</code>
      <code>WF</code>
      <code>EH</code>
      <code>YE</code>
      <code>YU</code>
      <code>ZM</code>
      <code>ZW</code>
    </version>
  </codeset>
  <codeset>
    <id>currency</id>
    <name>Currency Code</name>
    <data_ele>100</data_ele>
    <version>
      <code>ADP</code>
      <code>AED</code>
      <code>AFA</code>
      <code>ALL</code>
      <code>ANG</code>
      <code>AOK</code>
      <code>ARA</code>
      <code>ATS</code>
      <code>AUD</code>
      <code>AWG</code>
      <code>BBD</code>
      <code>BDT</code>
      <code>BEF</code>
      <code>BGL</code>
      <code>BHD</code>
      <code>BIF</code>
      <code>BMD</code>
      <code>BND</code>
      <code>BOB</code>
      <code>BRC</code>
      <code>BSD</code>
      <code>BTN</code>
      <code>BUK</code>
      <code>BWP</code>
      <code>BZD</code>
      <code>CAD</code>
      <code>CHF</code>
      <code>CLF</code>
      <code>CLP</code>
      <code>CNY</code>
      <code>COP</code>
      <code>CRC</code>
      <code>CSK</code>
      <code>CUP</code>
      <code>CVE</code>
      <code>CYP</code>
      <code>DDM</code>
      <code>DEM</code>
      <code>DJF</code>
      <code>DKK</code>
      <code>DOP</code>
      <code>DZD</code>
      <code>ECS</code>
      <code>EGP</code>
      <code>ESP</code>
      <code>ETB</code>
      <code>EUR</code>
      <code>FIM</code>
      <code>FJD</code>
      <code>FKP</code>
      <code>FRF</code>
      <code>GBP</code>
      <code>GHC</code>
      <code>GIP</code>
      <code>GMD</code>
      <code>GNF</code>
      <code>GRD</code>
      <code>GTQ</code>
      <code>GWP</code>
      <code>GYD</code>
      <code>HKD</code>
      <code>HNL</code>
      <code>HTG</code>
      <code>HUF</code>
      <code>IDR</code>
      <code>IEP</code>
      <code>ILS</code>
      <code>INR</code>
      <code>IQD</code>
      <code>IRR</code>
      <code>ISK</code>
      <code>ITL</code>
      <code>JMD</code>
      <code>JOD</code>
      <code>JPY</code>
      <code>KES</code>
      <code>KHR</code>
      <code>KMF</code>
      <code>KPW</code>
      <code>KRW</code>
      <code>KWD</code>
      <code>KYD</code>
      <code>LAK</code>
      <code>LBP</code>
      <code>LKR</code>
      <code>LRD</code>
      <code>LSL</code>
      <code>LUF</code>
      <code>LYD</code>
      <code>MAD</code>
      <code>MGF</code>
      <code>MNT</code>
      <code>MOP</code>
      <code>MRO</code>
      <code>MTL</code>
      <code>MUR</code>
      <code>MVR</code>
      <code>MWK</code>
      <code>MXP</code>
      <code>MYR</code>
      <code>MZM</code>
      <code>NGN</code>
      <code>NIC</code>
      <code>NLG</code>
      <code>NOK</code>
      <code>NPR</code>
      <code>NZD</code>
      <code>OMR</code>
      <code>PAB</code>
      <code>PEI</code>
      <code>PGK</code>
      <code>PHP</code>
      <code>PKR</code>
      <code>PLZ</code>
      <code>PTE</code>
      <code>PYG</code>
      <code>QAR</code>
      <code>ROL</code>
      <code>RWF</code>
      <code>SAR</code>
      <code>SBD</code>
      <code>SCR</code>
      <code>SDP</code>
      <code>SEK</code>
      <code>SGD</code>
      <code>SHP</code>
      <code>SLL</code>
      <code>SOS</code>
      <code>SRG</code>
      <code>STD</code>
      <code>SUR</code>
      <code>SVC</code>
      <code>SYP</code>
      <code>SZL</code>
      <code>THB</code>
      <code>TND</code>
      <code>TOP</code>
      <code>TPE</code>
      <code>TRL</code>
      <code>TTD</code>
      <code>TWD</code>
      <code>TZS</code>
      <code>UGS</code>
      <code>USD</code>
      <code>UYP</code>
      <code>VEB</code>
      <code>VND</code>
      <code>VUV</code>
      <code>WST</code>
      <code>YDD</code>
      <code>YER</code>
      <code>YUD</code>
      <code>ZAR</code>
      <code>ZMK</code>
      <code>ZRZ</code>
      <code>ZWD</code>
    </version>
  </codeset>
  <codeset>
    <id>entity_id</id>
    <name>Entity Identifier Code</name>
    <version>
      <code>13</code>
      <code>17</code>
      <code>1E</code>
      <code>1G</code>
      <code>1H</code>
      <code>1I</code>
      <code>1O</code>
      <code>1P</code>
      <code>1Q</code>
      <code>1R</code>
      <code>1S</code>
      <code>1T</code>
      <code>1U</code>
      <code>1V</code>
      <code>1W</code>
      <code>1X</code>
      <code>1Y</code>
      <code>1Z</code>
      <code>28</code>
      <code>2A</code>
      <code>2B</code>
      <code>2E</code>
      <code>2I</code>
      <code>2K</code>
      <code>2P</code>
      <code>2Q</code>
      <code>2S</code>
      <code>2Z</code>
      <code>30</code>
      <code>36</code>
      <code>3A</code>
      <code>3C</code>
      <code>3D</code>
      <code>3E</code>
      <code>3F</code>
      <code>3G</code>
      <code>3H</code>
      <code>3I</code>
      <code>3J</code>
      <code>3K</code>
      <code>3L</code>
      <code>3M</code>
      <code>3N</code>
      <code>3O</code>
      <code>3P</code>
      <code>3Q</code>
      <code>3R</code>
      <code>3S</code>
      <code>3T</code>
      <code>3U</code>
      <code>3V</code>
      <code>3W</code>
      <code>3X</code>
      <code>3Y</code>
      <code>3Z</code>
      <code>40</code>
      <code>43</code>
      <code>44</code>
      <code>4A</code>
      <code>4B</code>
      <code>4C</code>
      <code>4D</code>
      <code>4E</code>
      <code>4F</code>
      <code>4G</code>
      <code>4H</code>
      <code>4I</code>
      <code>4J</code>
      <code>4L</code>
      <code>4M</code>
      <code>4N</code>
      <code>4O</code>
      <code>4P</code>
      <code>4Q</code>
      <code>4R</code>
      <code>4S</code>
      <code>4U</code>
      <code>4V</code>
      <code>4W</code>
      <code>4X</code>
      <code>4Y</code>
      <code>4Z</code>
      <code>5A</code>
      <code>5B</code>
      <code>5C</code>
      <code>5D</code>
      <code>5E</code>
      <code>5F</code>
      <code>5G</code>
      <code>5H</code>
      <code>5I</code>
      <code>5J</code>
      <code>5K</code>
      <code>5L</code>
      <code>5M</code>
      <code>5N</code>
      <code>5O</code>
      <code>5P</code>
      <code>5Q</code>
      <code>5R</code>
      <code>5S</code>
      <code>5T</code>
      <code>5U</code>
      <code>5V</code>
      <code>5W</code>
      <code>5X</code>
      <code>5Y</code>
      <code>5Z</code>
      <code>61</code>
      <code>6A</code>
      <code>6B</code>
      <code>6C</code>
      <code>6D</code>
      <code>6E</code>
      <code>6F</code>
      <code>6G</code>
      <code>6H</code>
      <code>6I</code>
      <code>6J</code>
      <code>6K</code>
      <code>6L</code>
      <code>6M</code>
      <code>6N</code>
      <code>6O</code>
      <code>6P</code>
      <code>6Q</code>
      <code>6R</code>
      <code>6S</code>
      <code>6U</code>
      <code>6V</code>
      <code>6W</code>
      <code>6X</code>
      <code>6Y</code>
      <code>71</code>
      <code>72</code>
      <code>73</code>
      <code>74</code>
      <code>77</code>
      <code>7C</code>
      <code>80</code>
      <code>82</code>
      <code>84</code>
      <code>85</code>
      <code>87</code>
      <code>95</code>
      <code>CK</code>
      <code>CZ</code>
      <code>D2</code>
      <code>DD</code>
      <code>DJ</code>
      <code>DK</code>
      <code>DN</code>
      <code>DO</code>
      <code>DQ</code>
      <code>E1</code>
      <code>E2</code>
      <code>E7</code>
      <code>E9</code>
      <code>FA</code>
      <code>FD</code>
      <code>FE</code>
      <code>G0</code>
      <code>G3</code>
      <code>GB</code>
      <code>GD</code>
      <code>GI</code>
      <code>GJ</code>
      <code>GK</code>
      <code>GM</code>
      <code>GY</code>
      <code>HF</code>
      <code>HH</code>
      <code>I3</code>
      <code>IJ</code>
      <code>IL</code>
      <code>IN</code>
      <code>LI</code>
      <code>LR</code>
      <code>MR</code>
      <code>OB</code>
      <code>OD</code>
      <code>OX</code>
      <code>P0</code>
      <code>P2</code>
      <code>P3</code>
      <code>P4</code>
      <code>P6</code>
      <code>P7</code>
      <code>PT</code>
      <code>PV</code>
      <code>PW</code>
      <code>QA</code>
      <code>QB</code>
      <code>QC</code>
      <code>QD</code>
      <code>QE</code>
      <code>QH</code>
      <code>QK</code>
      <code>QL</code>
      <code>QN</code>
      <code>QO</code>
      <code>QS</code>
      <code>QV</code>
      <code>QY</code>
      <code>RC</code>
      <code>RW</code>
      <code>S4</code>
      <code>SJ</code>
      <code>SU</code>
      <code>T4</code>
      <code>TQ</code>
      <code>TT</code>
      <code>TU</code>
      <code>UH</code>
      <code>X3</code>
      <code>X4</code>
      <code>X5</code>
      <code>ZZ</code>
    </version>
  </codeset>
  <codeset>
    <id>adjustment_reason</id>
    <name>Adjustment Reason Code</name>
    <data_ele>1034</data_ele>
    <version>
      <!-- <eff_dte>20141101</eff_dte> -->
        <code>1</code>
      <code>2</code>
      <code>3</code>
      <code>4</code>
      <code>5</code>
      <code>6</code>
      <code>7</code>
      <code>8</code>
      <code>9</code>
      <code>10</code>
      <code>11</code>
      <code>12</code>
      <code>13</code>
      <code>14</code>
      <code>15</code>
      <code>16</code>
      <code>17</code>
      <code>18</code>
      <code>19</code>
      <code>20</code>
      <code>21</code>
      <code>22</code>
      <code>23</code>
      <code>24</code>
      <code>25</code>
      <code>26</code>
      <code>27</code>
      <code>28</code>
      <code>29</code>
      <code>30</code>
      <code>31</code>
      <code>32</code>
      <code>33</code>
      <code>34</code>
      <code>35</code>
      <code>36</code>
      <code>37</code>
      <code>38</code>
      <code>39</code>
      <code>40</code>
      <code>41</code>
      <code>42</code>
      <code>43</code>
      <code>44</code>
      <code>45</code>
      <code>46</code>
      <code>47</code>
      <code>48</code>
      <code>49</code>
      <code>50</code>
      <code>51</code>
      <code>52</code>
      <code>53</code>
      <code>54</code>
      <code>55</code>
      <code>56</code>
      <code>57</code>
      <code>58</code>
      <code>59</code>
      <code>60</code>
      <code>61</code>
      <code>62</code>
      <code>63</code>
      <code>64</code>
      <code>65</code>
      <code>66</code>
      <code>67</code>
      <code>68</code>
      <code>69</code>
      <code>70</code>
      <code>71</code>
      <code>72</code>
      <code>73</code>
      <code>74</code>
      <code>75</code>
      <code>76</code>
      <code>77</code>
      <code>78</code>
      <code>79</code>
      <code>80</code>
      <code>81</code>
      <code>82</code>
      <code>83</code>
      <code>84</code>
      <code>85</code>
      <code>86</code>
      <code>87</code>
      <code>88</code>
      <code>89</code>
      <code>90</code>
      <code>91</code>
      <code>92</code>
      <code>93</code>
      <code>94</code>
      <code>95</code>
      <code>96</code>
      <code>97</code>
      <code>98</code>
      <code>99</code>
      <code>100</code>
      <code>101</code>
      <code>102</code>
      <code>103</code>
      <code>104</code>
      <code>105</code>
      <code>106</code>
      <code>107</code>
      <code>108</code>
      <code>109</code>
      <code>110</code>
      <code>111</code>
      <code>112</code>
      <code>113</code>
      <code>114</code>
      <code>115</code>
      <code>116</code>
      <code>117</code>
      <code>118</code>
      <code>119</code>
      <code>120</code>
      <code>121</code>
      <code>122</code>
      <code>123</code>
      <code>124</code>
      <code>125</code>
      <code>126</code>
      <code>127</code>
      <code>128</code>
      <code>129</code>
      <code>130</code>
      <code>131</code>
      <code>132</code>
      <code>133</code>
      <code>134</code>
      <code>135</code>
      <code>136</code>
      <code>137</code>
      <code>138</code>
      <code>139</code>
      <code>140</code>
      <code>141</code>
      <code>142</code>
      <code>143</code>
      <code>144</code>
      <code>145</code>
      <code>146</code>
      <code>147</code>
      <code>148</code>
      <code>149</code>
      <code>150</code>
      <code>151</code>
      <code>152</code>
      <code>153</code>
      <code>154</code>
      <code>155</code>
      <code>156</code>
      <code>157</code>
      <code>158</code>
      <code>159</code>
      <code>160</code>
      <code>161</code>
      <code>162</code>
      <code>163</code>
      <code>164</code>
      <code>165</code>
      <code>166</code>
      <code>167</code>
      <code>168</code>
      <code>169</code>
      <code>170</code>
      <code>171</code>
      <code>172</code>
      <code>173</code>
      <code>174</code>
      <code>175</code>
      <code>176</code>
      <code>177</code>
      <code>178</code>
      <code>179</code>
      <code>180</code>
      <code>181</code>
      <code>182</code>
      <code>183</code>
      <code>184</code>
      <code>185</code>
      <code>186</code>
      <code>187</code>
      <code>188</code>
      <code>189</code>
      <code>190</code>
      <code>191</code>
      <code>192</code>
      <code>193</code>
      <code>194</code>
      <code>195</code>
      <code>196</code>
      <code>197</code>
      <code>198</code>
      <code>199</code>
      <code>200</code>
      <code>201</code>
      <code>202</code>
      <code>203</code>
      <code>204</code>
      <code>205</code>
      <code>206</code>
      <code>207</code>
      <code>208</code>
      <code>209</code>
      <code>210</code>
      <code>211</code>
      <code>212</code>
      <code>213</code>
      <code>214</code>
      <code>215</code>
      <code>216</code>
      <code>217</code>
      <code>218</code>
      <code>219</code>
      <code>220</code>
      <code>221</code>
      <code>222</code>
      <code>223</code>
      <code>224</code>
      <code>225</code>
      <code>226</code>
      <code>227</code>
      <code>228</code>
      <code>229</code>
      <code>230</code>
      <code>231</code>
      <code>232</code>
      <code>233</code>
      <code>234</code>
      <code>235</code>
      <code>236</code>
      <code>237</code>
      <code>238</code>
      <code>239</code>
      <code>240</code>
      <code>241</code>
      <code>242</code>
      <code>243</code>
      <code>244</code>
      <code>245</code>
      <code>246</code>
      <code>247</code>
      <code>248</code>
      <code>249</code>
      <code>250</code>
      <code>251</code>
      <code>252</code>
      <code>253</code>
      <code>254</code>
      <code>255</code>
      <code>256</code>
      <code>257</code>
      <code>258</code>
      <code>259</code>
      <code>260</code>
      <code>261</code>
      <code>262</code>
      <code>263</code>
      <code>264</code>
      <code>265</code>
      <code>266</code>
      <code>267</code>
      <code>268</code>
      <code>A0</code>
      <code>A1</code>
      <code>A2</code>
      <code>A3</code>
      <code>A4</code>
      <code>A5</code>
      <code>A6</code>
      <code>A7</code>
      <code>A8</code>
      <code>B1</code>
      <code>B2</code>
      <code>B3</code>
      <code>B4</code>
      <code>B5</code>
      <code>B6</code>
      <code>B7</code>
      <code>B8</code>
      <code>B9</code>
      <code>B10</code>
      <code>B11</code>
      <code>B12</code>
      <code>B13</code>
      <code>B14</code>
      <code>B15</code>
      <code>B16</code>
      <code>B17</code>
      <code>B18</code>
      <code>B19</code>
      <code>B20</code>
      <code>B21</code>
      <code>B22</code>
      <code>B23</code>
      <code>D1</code>
      <code>D2</code>
      <code>D3</code>
      <code>D4</code>
      <code>D5</code>
      <code>D6</code>
      <code>D7</code>
      <code>D8</code>
      <code>D9</code>
      <code>D10</code>
      <code>D11</code>
      <code>D12</code>
      <code>D13</code>
      <code>D14</code>
      <code>D15</code>
      <code>D16</code>
      <code>D17</code>
      <code>D18</code>
      <code>D19</code>
      <code>D20</code>
      <code>D21</code>
      <code>P1</code>
      <code>P2</code>
      <code>P3</code>
      <code>P4</code>
      <code>P5</code>
      <code>P6</code>
      <code>P7</code>
      <code>P8</code>
      <code>P9</code>
      <code>P10</code>
      <code>P11</code>
      <code>P12</code>
      <code>P13</code>
      <code>P14</code>
      <code>P15</code>
      <code>P16</code>
      <code>P17</code>
      <code>P18</code>
      <code>P19</code>
      <code>P20</code>
      <code>P21</code>
      <code>P22</code>
      <code>P23</code>
      <code>W1</code>
    </version>
  </codeset>
  <codeset>
    <id>remark_code</id>
    <name>Remark Code</name>
    <data_ele>127</data_ele>
    <version>
      <!-- <eff_dte>20141101</eff_dte> -->
        <code>M1</code>
      <code>M2</code>
      <code>M3</code>
      <code>M4</code>
      <code>M5</code>
      <code>M6</code>
      <code>M7</code>
      <code>M8</code>
      <code>M9</code>
      <code>M10</code>
      <code>M11</code>
      <code>M12</code>
      <code>M13</code>
      <code>M14</code>
      <code>M15</code>
      <code>M16</code>
      <code>M17</code>
      <code>M18</code>
      <code>M19</code>
      <code>M20</code>
      <code>M21</code>
      <code>M22</code>
      <code>M23</code>
      <code>M24</code>
      <code>M25</code>
      <code>M26</code>
      <code>M27</code>
      <code>M28</code>
      <code>M29</code>
      <code>M30</code>
      <code>M31</code>
      <code>M32</code>
      <code>M33</code>
      <code>M34</code>
      <code>M35</code>
      <code>M36</code>
      <code>M37</code>
      <code>M38</code>
      <code>M39</code>
      <code>M40</code>
      <code>M41</code>
      <code>M42</code>
      <code>M43</code>
      <code>M44</code>
      <code>M45</code>
      <code>M46</code>
      <code>M47</code>
      <code>M48</code>
      <code>M49</code>
      <code>M50</code>
      <code>M51</code>
      <code>M52</code>
      <code>M53</code>
      <code>M54</code>
      <code>M55</code>
      <code>M56</code>
      <code>M57</code>
      <code>M58</code>
      <code>M59</code>
      <code>M60</code>
      <code>M61</code>
      <code>M62</code>
      <code>M63</code>
      <code>M64</code>
      <code>M65</code>
      <code>M66</code>
      <code>M67</code>
      <code>M68</code>
      <code>M69</code>
      <code>M70</code>
      <code>M71</code>
      <code>M72</code>
      <code>M73</code>
      <code>M74</code>
      <code>M75</code>
      <code>M76</code>
      <code>M77</code>
      <code>M78</code>
      <code>M79</code>
      <code>M80</code>
      <code>M81</code>
      <code>M82</code>
      <code>M83</code>
      <code>M84</code>
      <code>M85</code>
      <code>M86</code>
      <code>M87</code>
      <code>M88</code>
      <code>M89</code>
      <code>M90</code>
      <code>M91</code>
      <code>M92</code>
      <code>M93</code>
      <code>M94</code>
      <code>M95</code>
      <code>M96</code>
      <code>M97</code>
      <code>M98</code>
      <code>M99</code>
      <code>M100</code>
      <code>M101</code>
      <code>M102</code>
      <code>M103</code>
      <code>M104</code>
      <code>M105</code>
      <code>M106</code>
      <code>M107</code>
      <code>M108</code>
      <code>M109</code>
      <code>M110</code>
      <code>M111</code>
      <code>M112</code>
      <code>M113</code>
      <code>M114</code>
      <code>M115</code>
      <code>M116</code>
      <code>M117</code>
      <code>M118</code>
      <code>M119</code>
      <code>M120</code>
      <code>M121</code>
      <code>M122</code>
      <code>M123</code>
      <code>M124</code>
      <code>M125</code>
      <code>M126</code>
      <code>M127</code>
      <code>M128</code>
      <code>M129</code>
      <code>M130</code>
      <code>M131</code>
      <code>M132</code>
      <code>M133</code>
      <code>M134</code>
      <code>M135</code>
      <code>M136</code>
      <code>M137</code>
      <code>M138</code>
      <code>M139</code>
      <code>M140</code>
      <code>M141</code>
      <code>M142</code>
      <code>M143</code>
      <code>M144</code>
      <code>MA01</code>
      <code>MA02</code>
      <code>MA03</code>
      <code>MA04</code>
      <code>MA05</code>
      <code>MA06</code>
      <code>MA07</code>
      <code>MA08</code>
      <code>MA09</code>
      <code>MA10</code>
      <code>MA11</code>
      <code>MA13</code>
      <code>MA14</code>
      <code>MA16</code>
      <code>MA17</code>
      <code>MA18</code>
      <code>MA19</code>
      <code>MA25</code>
      <code>MA29</code>
      <code>MA30</code>
      <code>MA31</code>
      <code>MA32</code>
      <code>MA33</code>
      <code>MA34</code>
      <code>MA35</code>
      <code>MA36</code>
      <code>MA37</code>
      <code>MA38</code>
      <code>MA40</code>
      <code>MA41</code>
      <code>MA42</code>
      <code>MA43</code>
      <code>MA44</code>
      <code>MA45</code>
      <code>MA47</code>
      <code>MA48</code>
      <code>MA49</code>
      <code>MA50</code>
      <code>MA51</code>
      <code>MA52</code>
      <code>MA53</code>
      <code>MA54</code>
      <code>MA55</code>
      <code>MA56</code>
      <code>MA57</code>
      <code>MA58</code>
      <code>MA59</code>
      <code>MA60</code>
      <code>MA61</code>
      <code>MA62</code>
      <code>MA63</code>
      <code>MA64</code>
      <code>MA65</code>
      <code>MA66</code>
      <code>MA67</code>
      <code>MA68</code>
      <code>MA69</code>
      <code>MA70</code>
      <code>MA71</code>
      <code>MA72</code>
      <code>MA73</code>
      <code>MA74</code>
      <code>MA75</code>
      <code>MA76</code>
      <code>MA77</code>
      <code>MA78</code>
      <code>MA79</code>
      <code>MA80</code>
      <code>MA81</code>
      <code>MA82</code>
      <code>MA83</code>
      <code>MA84</code>
      <code>MA85</code>
      <code>MA86</code>
      <code>MA87</code>
      <code>MA88</code>
      <code>MA89</code>
      <code>MA90</code>
      <code>MA92</code>
      <code>MA93</code>
      <code>MA94</code>
      <code>MA95</code>
      <code>MA96</code>
      <code>MA97</code>
      <code>MA98</code>
      <code>MA99</code>
      <code>MA100</code>
      <code>MA101</code>
      <code>MA102</code>
      <code>MA103</code>
      <code>MA104</code>
      <code>MA105</code>
      <code>MA106</code>
      <code>MA107</code>
      <code>MA108</code>
      <code>MA109</code>
      <code>MA110</code>
      <code>MA111</code>
      <code>MA112</code>
      <code>MA113</code>
      <code>MA114</code>
      <code>MA115</code>
      <code>MA116</code>
      <code>MA117</code>
      <code>MA118</code>
      <code>MA119</code>
      <code>MA120</code>
      <code>MA121</code>
      <code>MA122</code>
      <code>MA123</code>
      <code>MA124</code>
      <code>MA125</code>
      <code>MA126</code>
      <code>MA128</code>
      <code>MA129</code>
      <code>MA130</code>
      <code>MA131</code>
      <code>MA132</code>
      <code>MA133</code>
      <code>MA134</code>
      <code>N1</code>
      <code>N2</code>
      <code>N3</code>
      <code>N4</code>
      <code>N5</code>
      <code>N6</code>
      <code>N7</code>
      <code>N8</code>
      <code>N9</code>
      <code>N10</code>
      <code>N11</code>
      <code>N12</code>
      <code>N13</code>
      <code>N14</code>
      <code>N15</code>
      <code>N16</code>
      <code>N17</code>
      <code>N18</code>
      <code>N19</code>
      <code>N20</code>
      <code>N21</code>
      <code>N22</code>
      <code>N23</code>
      <code>N24</code>
      <code>N25</code>
      <code>N26</code>
      <code>N27</code>
      <code>N28</code>
      <code>N29</code>
      <code>N30</code>
      <code>N31</code>
      <code>N32</code>
      <code>N33</code>
      <code>N34</code>
      <code>N35</code>
      <code>N36</code>
      <code>N37</code>
      <code>N38</code>
      <code>N39</code>
      <code>N40</code>
      <code>N41</code>
      <code>N42</code>
      <code>N43</code>
      <code>N44</code>
      <code>N45</code>
      <code>N46</code>
      <code>N47</code>
      <code>N48</code>
      <code>N49</code>
      <code>N50</code>
      <code>N51</code>
      <code>N52</code>
      <code>N53</code>
      <code>N54</code>
      <code>N55</code>
      <code>N56</code>
      <code>N57</code>
      <code>N58</code>
      <code>N59</code>
      <code>N60</code>
      <code>N61</code>
      <code>N62</code>
      <code>N63</code>
      <code>N64</code>
      <code>N65</code>
      <code>N66</code>
      <code>N67</code>
      <code>N68</code>
      <code>N69</code>
      <code>N70</code>
      <code>N71</code>
      <code>N72</code>
      <code>N73</code>
      <code>N74</code>
      <code>N75</code>
      <code>N76</code>
      <code>N77</code>
      <code>N78</code>
      <code>N79</code>
      <code>N80</code>
      <code>N81</code>
      <code>N82</code>
      <code>N83</code>
      <code>N84</code>
      <code>N85</code>
      <code>N86</code>
      <code>N87</code>
      <code>N88</code>
      <code>N89</code>
      <code>N90</code>
      <code>N91</code>
      <code>N92</code>
      <code>N93</code>
      <code>N94</code>
      <code>N95</code>
      <code>N96</code>
      <code>N97</code>
      <code>N98</code>
      <code>N99</code>
      <code>N100</code>
      <code>N101</code>
      <code>N102</code>
      <code>N103</code>
      <code>N104</code>
      <code>N105</code>
      <code>N106</code>
      <code>N107</code>
      <code>N108</code>
      <code>N109</code>
      <code>N110</code>
      <code>N111</code>
      <code>N112</code>
      <code>N113</code>
      <code>N114</code>
      <code>N115</code>
      <code>N116</code>
      <code>N117</code>
      <code>N118</code>
      <code>N119</code>
      <code>N120</code>
      <code>N121</code>
      <code>N122</code>
      <code>N123</code>
      <code>N124</code>
      <code>N125</code>
      <code>N126</code>
      <code>N127</code>
      <code>N128</code>
      <code>N129</code>
      <code>N130</code>
      <code>N131</code>
      <code>N132</code>
      <code>N133</code>
      <code>N134</code>
      <code>N135</code>
      <code>N136</code>
      <code>N137</code>
      <code>N138</code>
      <code>N139</code>
      <code>N140</code>
      <code>N141</code>
      <code>N142</code>
      <code>N143</code>
      <code>N144</code>
      <code>N145</code>
      <code>N146</code>
      <code>N147</code>
      <code>N148</code>
      <code>N149</code>
      <code>N150</code>
      <code>N151</code>
      <code>N152</code>
      <code>N153</code>
      <code>N154</code>
      <code>N155</code>
      <code>N156</code>
      <code>N157</code>
      <code>N158</code>
      <code>N159</code>
      <code>N160</code>
      <code>N161</code>
      <code>N162</code>
      <code>N163</code>
      <code>N164</code>
      <code>N165</code>
      <code>N166</code>
      <code>N167</code>
      <code>N168</code>
      <code>N169</code>
      <code>N170</code>
      <code>N171</code>
      <code>N172</code>
      <code>N173</code>
      <code>N174</code>
      <code>N175</code>
      <code>N176</code>
      <code>N177</code>
      <code>N178</code>
      <code>N179</code>
      <code>N180</code>
      <code>N181</code>
      <code>N182</code>
      <code>N183</code>
      <code>N184</code>
      <code>N185</code>
      <code>N186</code>
      <code>N187</code>
      <code>N188</code>
      <code>N189</code>
      <code>N190</code>
      <code>N191</code>
      <code>N192</code>
      <code>N193</code>
      <code>N194</code>
      <code>N195</code>
      <code>N196</code>
      <code>N197</code>
      <code>N198</code>
      <code>N199</code>
      <code>N200</code>
      <code>N201</code>
      <code>N202</code>
      <code>N203</code>
      <code>N204</code>
      <code>N205</code>
      <code>N206</code>
      <code>N207</code>
      <code>N208</code>
      <code>N209</code>
      <code>N210</code>
      <code>N211</code>
      <code>N212</code>
      <code>N213</code>
      <code>N214</code>
      <code>N215</code>
      <code>N216</code>
      <code>N217</code>
      <code>N218</code>
      <code>N219</code>
      <code>N220</code>
      <code>N221</code>
      <code>N222</code>
      <code>N223</code>
      <code>N224</code>
      <code>N225</code>
      <code>N226</code>
      <code>N227</code>
      <code>N228</code>
      <code>N229</code>
      <code>N230</code>
      <code>N231</code>
      <code>N232</code>
      <code>N233</code>
      <code>N234</code>
      <code>N235</code>
      <code>N236</code>
      <code>N237</code>
      <code>N238</code>
      <code>N239</code>
      <code>N240</code>
      <code>N241</code>
      <code>N242</code>
      <code>N243</code>
      <code>N244</code>
      <code>N245</code>
      <code>N246</code>
      <code>N247</code>
      <code>N248</code>
      <code>N249</code>
      <code>N250</code>
      <code>N251</code>
      <code>N252</code>
      <code>N253</code>
      <code>N254</code>
      <code>N255</code>
      <code>N256</code>
      <code>N257</code>
      <code>N258</code>
      <code>N259</code>
      <code>N260</code>
      <code>N261</code>
      <code>N262</code>
      <code>N263</code>
      <code>N264</code>
      <code>N265</code>
      <code>N266</code>
      <code>N267</code>
      <code>N268</code>
      <code>N269</code>
      <code>N270</code>
      <code>N271</code>
      <code>N272</code>
      <code>N273</code>
      <code>N274</code>
      <code>N275</code>
      <code>N276</code>
      <code>N277</code>
      <code>N278</code>
      <code>N279</code>
      <code>N280</code>
      <code>N281</code>
      <code>N282</code>
      <code>N283</code>
      <code>N284</code>
      <code>N285</code>
      <code>N286</code>
      <code>N287</code>
      <code>N288</code>
      <code>N289</code>
      <code>N290</code>
      <code>N291</code>
      <code>N292</code>
      <code>N293</code>
      <code>N294</code>
      <code>N295</code>
      <code>N296</code>
      <code>N297</code>
      <code>N298</code>
      <code>N299</code>
      <code>N300</code>
      <code>N301</code>
      <code>N302</code>
      <code>N303</code>
      <code>N304</code>
      <code>N305</code>
      <code>N306</code>
      <code>N307</code>
      <code>N308</code>
      <code>N309</code>
      <code>N310</code>
      <code>N311</code>
      <code>N312</code>
      <code>N313</code>
      <code>N314</code>
      <code>N315</code>
      <code>N316</code>
      <code>N317</code>
      <code>N318</code>
      <code>N319</code>
      <code>N320</code>
      <code>N321</code>
      <code>N322</code>
      <code>N323</code>
      <code>N324</code>
      <code>N325</code>
      <code>N326</code>
      <code>N327</code>
      <code>N328</code>
      <code>N329</code>
      <code>N330</code>
      <code>N331</code>
      <code>N332</code>
      <code>N333</code>
      <code>N334</code>
      <code>N335</code>
      <code>N336</code>
      <code>N337</code>
      <code>N338</code>
      <code>N339</code>
      <code>N340</code>
      <code>N341</code>
      <code>N342</code>
      <code>N343</code>
      <code>N344</code>
      <code>N345</code>
      <code>N346</code>
      <code>N347</code>
      <code>N348</code>
      <code>N349</code>
      <code>N350</code>
      <code>N351</code>
      <code>N352</code>
      <code>N353</code>
      <code>N354</code>
      <code>N355</code>
      <code>N356</code>
      <code>N357</code>
      <code>N358</code>
      <code>N359</code>
      <code>N360</code>
      <code>N361</code>
      <code>N362</code>
      <code>N363</code>
      <code>N364</code>
      <code>N365</code>
      <code>N366</code>
      <code>N367</code>
      <code>N368</code>
      <code>N369</code>
      <code>N370</code>
      <code>N371</code>
      <code>N372</code>
      <code>N373</code>
      <code>N374</code>
      <code>N375</code>
      <code>N376</code>
      <code>N377</code>
      <code>N378</code>
      <code>N379</code>
      <code>N380</code>
      <code>N381</code>
      <code>N382</code>
      <code>N383</code>
      <code>N384</code>
      <code>N385</code>
      <code>N386</code>
      <code>N387</code>
      <code>N388</code>
      <code>N389</code>
      <code>N390</code>
      <code>N391</code>
      <code>N392</code>
      <code>N393</code>
      <code>N394</code>
      <code>N395</code>
      <code>N396</code>
      <code>N397</code>
      <code>N398</code>
      <code>N399</code>
      <code>N400</code>
      <code>N401</code>
      <code>N402</code>
      <code>N403</code>
      <code>N404</code>
      <code>N405</code>
      <code>N406</code>
      <code>N407</code>
      <code>N408</code>
      <code>N409</code>
      <code>N410</code>
      <code>N411</code>
      <code>N412</code>
      <code>N413</code>
      <code>N414</code>
      <code>N415</code>
      <code>N416</code>
      <code>N417</code>
      <code>N418</code>
      <code>N419</code>
      <code>N420</code>
      <code>N421</code>
      <code>N422</code>
      <code>N423</code>
      <code>N424</code>
      <code>N425</code>
      <code>N426</code>
      <code>N427</code>
      <code>N428</code>
      <code>N429</code>
      <code>N430</code>
      <code>N431</code>
      <code>N432</code>
      <code>N433</code>
      <code>N434</code>
      <code>N435</code>
      <code>N436</code>
      <code>N437</code>
      <code>N438</code>
      <code>N439</code>
      <code>N440</code>
      <code>N441</code>
      <code>N442</code>
      <code>N443</code>
      <code>N444</code>
      <code>N445</code>
      <code>N446</code>
      <code>N447</code>
      <code>N448</code>
      <code>N449</code>
      <code>N450</code>
      <code>N451</code>
      <code>N452</code>
      <code>N453</code>
      <code>N454</code>
      <code>N455</code>
      <code>N456</code>
      <code>N457</code>
      <code>N458</code>
      <code>N459</code>
      <code>N460</code>
      <code>N461</code>
      <code>N462</code>
      <code>N463</code>
      <code>N464</code>
      <code>N465</code>
      <code>N466</code>
      <code>N467</code>
      <code>N468</code>
      <code>N469</code>
      <code>N470</code>
      <code>N471</code>
      <code>N472</code>
      <code>N473</code>
      <code>N474</code>
      <code>N475</code>
      <code>N476</code>
      <code>N477</code>
      <code>N478</code>
      <code>N479</code>
      <code>N480</code>
      <code>N481</code>
      <code>N482</code>
      <code>N483</code>
      <code>N484</code>
      <code>N485</code>
      <code>N486</code>
      <code>N487</code>
      <code>N488</code>
      <code>N489</code>
      <code>N490</code>
      <code>N491</code>
      <code>N492</code>
      <code>N493</code>
      <code>N494</code>
      <code>N495</code>
      <code>N496</code>
      <code>N497</code>
      <code>N498</code>
      <code>N499</code>
      <code>N500</code>
      <code>N501</code>
      <code>N502</code>
      <code>N503</code>
      <code>N504</code>
      <code>N505</code>
      <code>N506</code>
      <code>N507</code>
      <code>N508</code>
      <code>N509</code>
      <code>N510</code>
      <code>N511</code>
      <code>N512</code>
      <code>N513</code>
      <code>N514</code>
      <code>N515</code>
      <code>N516</code>
      <code>N517</code>
      <code>N518</code>
      <code>N519</code>
      <code>N520</code>
      <code>N521</code>
      <code>N522</code>
      <code>N523</code>
      <code>N524</code>
      <code>N525</code>
      <code>N526</code>
      <code>N527</code>
      <code>N528</code>
      <code>N529</code>
      <code>N530</code>
      <code>N531</code>
      <code>N532</code>
      <code>N533</code>
      <code>N534</code>
      <code>N535</code>
      <code>N536</code>
      <code>N537</code>
      <code>N538</code>
      <code>N539</code>
      <code>N540</code>
      <code>N541</code>
      <code>N542</code>
      <code>N543</code>
      <code>N544</code>
      <code>N545</code>
      <code>N546</code>
      <code>N547</code>
      <code>N548</code>
      <code>N549</code>
      <code>N550</code>
      <code>N551</code>
      <code>N552</code>
      <code>N553</code>
      <code>N554</code>
      <code>N555</code>
      <code>N556</code>
      <code>N557</code>
      <code>N558</code>
      <code>N559</code>
      <code>N560</code>
      <code>N561</code>
      <code>N562</code>
      <code>N563</code>
      <code>N564</code>
      <code>N565</code>
      <code>N566</code>
      <code>N567</code>
      <code>N568</code>
      <code>N569</code>
      <code>N570</code>
      <code>N571</code>
      <code>N572</code>
      <code>N573</code>
      <code>N574</code>
      <code>N575</code>
      <code>N576</code>
      <code>N577</code>
      <code>N578</code>
      <code>N579</code>
      <code>N580</code>
      <code>N581</code>
      <code>N582</code>
      <code>N583</code>
      <code>N584</code>
      <code>N585</code>
      <code>N586</code>
      <code>N587</code>
      <code>N588</code>
      <code>N589</code>
      <code>N590</code>
      <code>N591</code>
      <code>N592</code>
      <code>N593</code>
      <code>N594</code>
      <code>N595</code>
      <code>N596</code>
      <code>N597</code>
      <code>N598</code>
      <code>N599</code>
      <code>N600</code>
      <code>N601</code>
      <code>N602</code>
      <code>N603</code>
      <code>N604</code>
      <code>N605</code>
      <code>N606</code>
      <code>N607</code>
      <code>N608</code>
      <code>N609</code>
      <code>N610</code>
      <code>N611</code>
      <code>N612</code>
      <code>N613</code>
      <code>N614</code>
      <code>N615</code>
      <code>N616</code>
      <code>N617</code>
      <code>N618</code>
      <code>N619</code>
      <code>N620</code>
      <code>N621</code>
      <code>N622</code>
      <code>N623</code>
      <code>N624</code>
      <code>N625</code>
      <code>N626</code>
      <code>N627</code>
      <code>N628</code>
      <code>N629</code>
      <code>N630</code>
      <code>N631</code>
      <code>N632</code>
      <code>N633</code>
      <code>N634</code>
      <code>N635</code>
      <code>N636</code>
      <code>N637</code>
      <code>N638</code>
      <code>N639</code>
      <code>N640</code>
      <code>N641</code>
      <code>N642</code>
      <code>N643</code>
      <code>N644</code>
      <code>N645</code>
      <code>N646</code>
      <code>N647</code>
      <code>N648</code>
      <code>N649</code>
      <code>N650</code>
      <code>N651</code>
      <code>N652</code>
      <code>N653</code>
      <code>N654</code>
      <code>N655</code>
      <code>N656</code>
      <code>N657</code>
      <code>N658</code>
      <code>N659</code>
      <code>N660</code>
      <code>N661</code>
      <code>N662</code>
      <code>N663</code>
      <code>N664</code>
      <code>N665</code>
      <code>N666</code>
      <code>N667</code>
      <code>N668</code>
      <code>N669</code>
      <code>N670</code>
      <code>N671</code>
      <code>N672</code>
      <code>N673</code>
      <code>N674</code>
      <code>N675</code>
      <code>N676</code>
      <code>N677</code>
      <code>N678</code>
      <code>N679</code>
      <code>N680</code>
      <code>N681</code>
      <code>N682</code>
      <code>N683</code>
      <code>N684</code>
      <code>N685</code>
      <code>N686</code>
      <code>N687</code>
      <code>N688</code>
      <code>N689</code>
      <code>N690</code>
      <code>N691</code>
      <code>N692</code>
      <code>N693</code>
      <code>N694</code>
      <code>N695</code>
      <code>N696</code>
      <code>N697</code>
      <code>N698</code>
      <code>N699</code>
      <code>N700</code>
      <code>N701</code>
      <code>N702</code>
      <code>N703</code>
      <code>N704</code>
      <code>N705</code>
      <code>N706</code>
      <code>N707</code>
      <code>N708</code>
      <code>N709</code>
      <code>N710</code>
      <code>N711</code>
      <code>N712</code>
      <code>N713</code>
      <code>N714</code>
      <code>N715</code>
      <code>N716</code>
      <code>N717</code>
      <code>N718</code>
      <code>N719</code>
      <code>N720</code>
      <code>N721</code>
      <code>N722</code>
      <code>N723</code>
      <code>N724</code>
      <code>N725</code>
      <code>N726</code>
      <code>N727</code>
      <code>N728</code>
      <code>N729</code>
      <code>N730</code>
      <code>N731</code>
      <code>N732</code>
      <code>N733</code>
      <code>N734</code>
   </version>
  </codeset>
  <codeset>
    <id>service_type</id>
    <name>Service Type Code</name>
    <version>
        <!-- <eff_dte>20140701</eff_dte> -->
        <code>1</code>
      <code>2</code>
      <code>3</code>
      <code>4</code>
      <code>5</code>
      <code>6</code>
      <code>7</code>
      <code>8</code>
      <code>9</code>
      <code>10</code>
      <code>11</code>
      <code>12</code>
      <code>13</code>
      <code>14</code>
      <code>15</code>
      <code>16</code>
      <code>17</code>
      <code>18</code>
      <code>19</code>
      <code>20</code>
      <code>21</code>
      <code>22</code>
      <code>23</code>
      <code>24</code>
      <code>25</code>
      <code>26</code>
      <code>27</code>
      <code>28</code>
      <code>30</code>
      <code>32</code>
      <code>33</code>
      <code>34</code>
      <code>35</code>
      <code>36</code>
      <code>37</code>
      <code>38</code>
      <code>39</code>
      <code>40</code>
      <code>41</code>
      <code>42</code>
      <code>43</code>
      <code>44</code>
      <code>45</code>
      <code>46</code>
      <code>47</code>
      <code>48</code>
      <code>49</code>
      <code>50</code>
      <code>51</code>
      <code>52</code>
      <code>53</code>
      <code>54</code>
      <code>55</code>
      <code>56</code>
      <code>57</code>
      <code>58</code>
      <code>59</code>
      <code>60</code>
      <code>61</code>
      <code>62</code>
      <code>63</code>
      <code>64</code>
      <code>65</code>
      <code>66</code>
      <code>67</code>
      <code>68</code>
      <code>69</code>
      <code>70</code>
      <code>71</code>
      <code>72</code>
      <code>73</code>
      <code>74</code>
      <code>75</code>
      <code>76</code>
      <code>7</code>
      <code>78</code>
      <code>79</code>
      <code>80</code>
      <code>81</code>
      <code>82</code>
      <code>83</code>
      <code>84</code>
      <code>85</code>
      <code>86</code>
      <code>87</code>
      <code>88</code>
      <code>89</code>
      <code>90</code>
      <code>91</code>
      <code>92</code>
      <code>93</code>
      <code>94</code>
      <code>95</code>
      <code>96</code>
      <code>97</code>
      <code>98</code>
      <code>99</code>
      <code>A0</code>
      <code>A1</code>
      <code>A2</code>
      <code>A3</code>
      <code>A4</code>
      <code>A5</code>
      <code>A6</code>
      <code>A7</code>
      <code>A8</code>
      <code>A9</code>
      <code>AA</code>
      <code>AB</code>
      <code>AC</code>
      <code>AD</code>
      <code>AE</code>
      <code>AF</code>
      <code>AG</code>
      <code>AH</code>
      <code>AI</code>
      <code>AJ</code>
      <code>AK</code>
      <code>AL</code>
      <code>AM</code>
      <code>AN</code>
      <code>AO</code>
      <code>AQ</code>
      <code>AR</code>
      <code>B1</code>
      <code>B1</code>
      <code>B3</code>
      <code>BA</code>
      <code>BB</code>
      <code>BC</code>
      <code>BD</code>
      <code>BE</code>
      <code>BF</code>
      <code>BG</code>
      <code>BH</code>
      <code>BI</code>
      <code>BJ</code>
      <code>BK</code>
      <code>BL</code>
      <code>BM</code>
      <code>BN</code>
      <code>BP</code>
      <code>BQ</code>
      <code>BR</code>
      <code>BS</code>
      <code>BT</code>
      <code>BU</code>
      <code>BV</code>
      <code>BW</code>
      <code>BX</code>
      <code>BY</code>
      <code>BZ</code>
      <code>C1</code>
      <code>CK</code>
      <code>CL</code>
      <code>CM</code>
      <code>CN</code>
      <code>CO</code>
      <code>CP</code>
      <code>CQ</code>
      <code>DG</code>
      <code>DM</code>
      <code>DS</code>
      <code>E1</code>
      <code>E2</code>
      <code>E3</code>
      <code>E4</code>
      <code>E5</code>
      <code>E6</code>
      <code>E7</code>
      <code>E8</code>
      <code>E9</code>
      <code>E10</code>
      <code>E11</code>
      <code>E12</code>
      <code>E13</code>
      <code>E14</code>
      <code>E15</code>
      <code>E16</code>
      <code>E17</code>
      <code>E18</code>
      <code>E19</code>
      <code>E20</code>
      <code>E21</code>
      <code>E22</code>
      <code>E23</code>
      <code>E24</code>
      <code>E25</code>
      <code>E26</code>
      <code>E27</code>
      <code>E28</code>
      <code>E29</code>
      <code>E30</code>
      <code>E31</code>
      <code>E32</code>
      <code>E33</code>
      <code>E34</code>
      <code>E35</code>
      <code>E36</code>
      <code>EA</code>
      <code>EB</code>
      <code>EC</code>
      <code>ED</code>
      <code>EE</code>
      <code>EF</code>
      <code>GF</code>
      <code>GN</code>
      <code>GY</code>
      <code>IC</code>
      <code>MH</code>
      <code>NI</code>
      <code>ON</code>
      <code>PE</code>
      <code>PT</code>
      <code>PU</code>
      <code>RN</code>
      <code>RT</code>
      <code>SMH</code>
      <code>TC</code>
      <code>TN</code>
      <code>UC</code>
    </version>
  </codeset>
  <codeset>
    <id>claim_status_cat</id>
    <name>Health Care Claim Status Category Code (Code Source 507)</name>
    <data_ele>1271</data_ele>
    <version>
        <!-- <eff_dte>20140701</eff_dte> -->
        <code>A0</code>
      <code>A1</code>
      <code>A2</code>
      <code>A3</code>
      <code>A4</code>
      <code>A5</code>
      <code>A6</code>
      <code>A7</code>
      <code>A8</code>
      <code>D0</code>
      <code>E0</code>
      <code>E1</code>
      <code>E2</code>
      <code>E3</code>
      <code>E4</code>
      <code>F0</code>
      <code>F1</code>
      <code>F2</code>
      <code>F3</code>
      <code>F3F</code>
      <code>F3N</code>
      <code>F4</code>
      <code>F5</code>
      <code>P0</code>
      <code>P1</code>
      <code>P2</code>
      <code>P3</code>
      <code>P4</code>
      <code>P5</code>
      <code>R0</code>
      <code>R1</code>
      <code>R3</code>
      <code>R4</code>
      <code>R5</code>
      <code>R6</code>
      <code>R7</code>
      <code>R8</code>
      <code>R9</code>
      <code>R10</code>
      <code>R11</code>
      <code>R12</code>
      <code>R13</code>
      <code>R14</code>
      <code>R15</code>
      <code>R16</code>
      <code>R17</code>
      <code>RQ</code>
      <code>X0</code>
    </version>
  </codeset>
  <codeset>
    <id>claim_status</id>
    <name>Health Care Claim Status Code (Code Source 508)</name>
    <data_ele>1271</data_ele>
    <version>
        <!-- <eff_dte>20141101</eff_dte> -->
        <code>0</code>
      <code>1</code>
      <code>2</code>
      <code>3</code>
      <code>4</code>
      <code>5</code>
      <code>6</code>
      <code>7</code>
      <code>8</code>
      <code>9</code>
      <code>10</code>
      <code>11</code>
      <code>12</code>
      <code>13</code>
      <code>14</code>
      <code>15</code>
      <code>16</code>
      <code>17</code>
      <code>18</code>
      <code>19</code>
      <code>20</code>
      <code>21</code>
      <code>22</code>
      <code>23</code>
      <code>24</code>
      <code>25</code>
      <code>26</code>
      <code>27</code>
      <code>28</code>
      <code>29</code>
      <code>30</code>
      <code>31</code>
      <code>32</code>
      <code>33</code>
      <code>34</code>
      <code>35</code>
      <code>37</code>
      <code>38</code>
      <code>39</code>
      <code>40</code>
      <code>41</code>
      <code>42</code>
      <code>44</code>
      <code>45</code>
      <code>46</code>
      <code>47</code>
      <code>48</code>
      <code>49</code>
      <code>50</code>
      <code>51</code>
      <code>52</code>
      <code>53</code>
      <code>54</code>
      <code>55</code>
      <code>56</code>
      <code>57</code>
      <code>59</code>
      <code>60</code>
      <code>61</code>
      <code>64</code>
      <code>65</code>
      <code>66</code>
      <code>67</code>
      <code>68</code>
      <code>69</code>
      <code>70</code>
      <code>71</code>
      <code>72</code>
      <code>73</code>
      <code>78</code>
      <code>81</code>
      <code>83</code>
      <code>84</code>
      <code>85</code>
      <code>86</code>
      <code>87</code>
      <code>88</code>
      <code>89</code>
      <code>90</code>
      <code>91</code>
      <code>92</code>
      <code>93</code>
      <code>94</code>
      <code>95</code>
      <code>96</code>
      <code>97</code>
      <code>98</code>
      <code>99</code>
      <code>100</code>
      <code>101</code>
      <code>102</code>
      <code>103</code>
      <code>104</code>
      <code>105</code>
      <code>106</code>
      <code>107</code>
      <code>108</code>
      <code>109</code>
      <code>110</code>
      <code>111</code>
      <code>112</code>
      <code>113</code>
      <code>114</code>
      <code>115</code>
      <code>116</code>
      <code>117</code>
      <code>118</code>
      <code>119</code>
      <code>120</code>
      <code>121</code>
      <code>122</code>
      <code>123</code>
      <code>124</code>
      <code>125</code>
      <code>126</code>
      <code>127</code>
      <code>128</code>
      <code>129</code>
      <code>130</code>
      <code>131</code>
      <code>132</code>
      <code>133</code>
      <code>134</code>
      <code>135</code>
      <code>136</code>
      <code>137</code>
      <code>138</code>
      <code>139</code>
      <code>140</code>
      <code>141</code>
      <code>142</code>
      <code>143</code>
      <code>144</code>
      <code>145</code>
      <code>146</code>
      <code>147</code>
      <code>148</code>
      <code>149</code>
      <code>150</code>
      <code>152</code>
      <code>153</code>
      <code>154</code>
      <code>155</code>
      <code>156</code>
      <code>157</code>
      <code>158</code>
      <code>159</code>
      <code>160</code>
      <code>161</code>
      <code>162</code>
      <code>163</code>
      <code>164</code>
      <code>165</code>
      <code>166</code>
      <code>167</code>
      <code>168</code>
      <code>169</code>
      <code>170</code>
      <code>171</code>
      <code>172</code>
      <code>173</code>
      <code>174</code>
      <code>175</code>
      <code>176</code>
      <code>177</code>
      <code>178</code>
      <code>179</code>
      <code>180</code>
      <code>181</code>
      <code>182</code>
      <code>183</code>
      <code>184</code>
      <code>185</code>
      <code>186</code>
      <code>187</code>
      <code>188</code>
      <code>189</code>
      <code>190</code>
      <code>191</code>
      <code>192</code>
      <code>193</code>
      <code>194</code>
      <code>195</code>
      <code>196</code>
      <code>197</code>
      <code>198</code>
      <code>199</code>
      <code>200</code>
      <code>201</code>
      <code>202</code>
      <code>203</code>
      <code>204</code>
      <code>205</code>
      <code>206</code>
      <code>207</code>
      <code>208</code>
      <code>209</code>
      <code>210</code>
      <code>211</code>
      <code>212</code>
      <code>213</code>
      <code>214</code>
      <code>215</code>
      <code>216</code>
      <code>217</code>
      <code>218</code>
      <code>219</code>
      <code>220</code>
      <code>221</code>
      <code>222</code>
      <code>223</code>
      <code>224</code>
      <code>225</code>
      <code>226</code>
      <code>227</code>
      <code>228</code>
      <code>229</code>
      <code>230</code>
      <code>231</code>
      <code>232</code>
      <code>233</code>
      <code>234</code>
      <code>235</code>
      <code>236</code>
      <code>237</code>
      <code>238</code>
      <code>239</code>
      <code>240</code>
      <code>241</code>
      <code>242</code>
      <code>243</code>
      <code>244</code>
      <code>245</code>
      <code>246</code>
      <code>247</code>
      <code>248</code>
      <code>249</code>
      <code>250</code>
      <code>251</code>
      <code>252</code>
      <code>253</code>
      <code>254</code>
      <code>255</code>
      <code>256</code>
      <code>257</code>
      <code>258</code>
      <code>259</code>
      <code>260</code>
      <code>261</code>
      <code>262</code>
      <code>263</code>
      <code>264</code>
      <code>265</code>
      <code>266</code>
      <code>267</code>
      <code>268</code>
      <code>269</code>
      <code>270</code>
      <code>271</code>
      <code>272</code>
      <code>273</code>
      <code>274</code>
      <code>275</code>
      <code>276</code>
      <code>277</code>
      <code>278</code>
      <code>279</code>
      <code>280</code>
      <code>281</code>
      <code>282</code>
      <code>283</code>
      <code>284</code>
      <code>285</code>
      <code>286</code>
      <code>287</code>
      <code>288</code>
      <code>289</code>
      <code>290</code>
      <code>291</code>
      <code>292</code>
      <code>293</code>
      <code>294</code>
      <code>295</code>
      <code>296</code>
      <code>297</code>
      <code>298</code>
      <code>299</code>
      <code>300</code>
      <code>301</code>
      <code>302</code>
      <code>303</code>
      <code>304</code>
      <code>305</code>
      <code>306</code>
      <code>307</code>
      <code>308</code>
      <code>309</code>
      <code>310</code>
      <code>311</code>
      <code>312</code>
      <code>313</code>
      <code>314</code>
      <code>315</code>
      <code>316</code>
      <code>317</code>
      <code>318</code>
      <code>319</code>
      <code>320</code>
      <code>321</code>
      <code>322</code>
      <code>323</code>
      <code>324</code>
      <code>325</code>
      <code>326</code>
      <code>327</code>
      <code>328</code>
      <code>329</code>
      <code>330</code>
      <code>331</code>
      <code>332</code>
      <code>333</code>
      <code>334</code>
      <code>335</code>
      <code>336</code>
      <code>337</code>
      <code>338</code>
      <code>339</code>
      <code>340</code>
      <code>341</code>
      <code>342</code>
      <code>343</code>
      <code>344</code>
      <code>345</code>
      <code>346</code>
      <code>347</code>
      <code>348</code>
      <code>349</code>
      <code>350</code>
      <code>351</code>
      <code>352</code>
      <code>353</code>
      <code>354</code>
      <code>355</code>
      <code>356</code>
      <code>357</code>
      <code>358</code>
      <code>359</code>
      <code>360</code>
      <code>361</code>
      <code>362</code>
      <code>363</code>
      <code>364</code>
      <code>365</code>
      <code>366</code>
      <code>367</code>
      <code>368</code>
      <code>369</code>
      <code>370</code>
      <code>371</code>
      <code>372</code>
      <code>373</code>
      <code>374</code>
      <code>375</code>
      <code>376</code>
      <code>377</code>
      <code>378</code>
      <code>379</code>
      <code>380</code>
      <code>381</code>
      <code>382</code>
      <code>383</code>
      <code>384</code>
      <code>385</code>
      <code>386</code>
      <code>387</code>
      <code>388</code>
      <code>389</code>
      <code>390</code>
      <code>391</code>
      <code>392</code>
      <code>393</code>
      <code>394</code>
      <code>395</code>
      <code>396</code>
      <code>397</code>
      <code>398</code>
      <code>399</code>
      <code>400</code>
      <code>401</code>
      <code>402</code>
      <code>403</code>
      <code>404</code>
      <code>405</code>
      <code>406</code>
      <code>407</code>
      <code>408</code>
      <code>409</code>
      <code>410</code>
      <code>411</code>
      <code>412</code>
      <code>413</code>
      <code>414</code>
      <code>415</code>
      <code>416</code>
      <code>417</code>
      <code>418</code>
      <code>419</code>
      <code>420</code>
      <code>421</code>
      <code>422</code>
      <code>423</code>
      <code>424</code>
      <code>425</code>
      <code>426</code>
      <code>427</code>
      <code>428</code>
      <code>429</code>
      <code>430</code>
      <code>431</code>
      <code>432</code>
      <code>433</code>
      <code>434</code>
      <code>435</code>
      <code>436</code>
      <code>437</code>
      <code>438</code>
      <code>439</code>
      <code>440</code>
      <code>441</code>
      <code>442</code>
      <code>443</code>
      <code>444</code>
      <code>445</code>
      <code>446</code>
      <code>447</code>
      <code>448</code>
      <code>449</code>
      <code>450</code>
      <code>451</code>
      <code>452</code>
      <code>453</code>
      <code>454</code>
      <code>455</code>
      <code>456</code>
      <code>457</code>
      <code>458</code>
      <code>459</code>
      <code>460</code>
      <code>461</code>
      <code>462</code>
      <code>463</code>
      <code>464</code>
      <code>465</code>
      <code>466</code>
      <code>467</code>
      <code>468</code>
      <code>469</code>
      <code>470</code>
      <code>471</code>
      <code>472</code>
      <code>473</code>
      <code>474</code>
      <code>475</code>
      <code>476</code>
      <code>477</code>
      <code>478</code>
      <code>479</code>
      <code>480</code>
      <code>481</code>
      <code>482</code>
      <code>483</code>
      <code>484</code>
      <code>485</code>
      <code>486</code>
      <code>487</code>
      <code>488</code>
      <code>489</code>
      <code>490</code>
      <code>491</code>
      <code>492</code>
      <code>493</code>
      <code>494</code>
      <code>495</code>
      <code>496</code>
      <code>497</code>
      <code>498</code>
      <code>499</code>
      <code>500</code>
      <code>501</code>
      <code>502</code>
      <code>503</code>
      <code>504</code>
      <code>505</code>
      <code>506</code>
      <code>507</code>
      <code>508</code>
      <code>509</code>
      <code>510</code>
      <code>511</code>
      <code>512</code>
      <code>513</code>
      <code>514</code>
      <code>515</code>
      <code>516</code>
      <code>517</code>
      <code>518</code>
      <code>519</code>
      <code>520</code>
      <code>521</code>
      <code>522</code>
      <code>523</code>
      <code>524</code>
      <code>525</code>
      <code>526</code>
      <code>527</code>
      <code>528</code>
      <code>529</code>
      <code>530</code>
      <code>531</code>
      <code>532</code>
      <code>533</code>
      <code>534</code>
      <code>535</code>
      <code>536</code>
      <code>537</code>
      <code>538</code>
      <code>539</code>
      <code>540</code>
      <code>541</code>
      <code>542</code>
      <code>543</code>
      <code>544</code>
      <code>545</code>
      <code>546</code>
      <code>547</code>
      <code>548</code>
      <code>549</code>
      <code>550</code>
      <code>551</code>
      <code>552</code>
      <code>553</code>
      <code>554</code>
      <code>555</code>
      <code>556</code>
      <code>557</code>
      <code>558</code>
      <code>559</code>
      <code>560</code>
      <code>561</code>
      <code>562</code>
      <code>563</code>
      <code>564</code>
      <code>565</code>
      <code>566</code>
      <code>567</code>
      <code>568</code>
      <code>569</code>
      <code>570</code>
      <code>571</code>
      <code>572</code>
      <code>573</code>
      <code>574</code>
      <code>575</code>
      <code>576</code>
      <code>577</code>
      <code>578</code>
      <code>579</code>
      <code>580</code>
      <code>581</code>
      <code>582</code>
      <code>583</code>
      <code>584</code>
      <code>585</code>
      <code>586</code>
      <code>587</code>
      <code>588</code>
      <code>589</code>
      <code>590</code>
      <code>591</code>
      <code>592</code>
      <code>593</code>
      <code>594</code>
      <code>595</code>
      <code>596</code>
      <code>597</code>
      <code>598</code>
      <code>599</code>
      <code>600</code>
      <code>601</code>
      <code>602</code>
      <code>603</code>
      <code>604</code>
      <code>605</code>
      <code>606</code>
      <code>607</code>
      <code>608</code>
      <code>609</code>
      <code>610</code>
      <code>611</code>
      <code>612</code>
      <code>613</code>
      <code>614</code>
      <code>615</code>
      <code>616</code>
      <code>617</code>
      <code>618</code>
      <code>619</code>
      <code>620</code>
      <code>621</code>
      <code>622</code>
      <code>623</code>
      <code>624</code>
      <code>625</code>
      <code>626</code>
      <code>627</code>
      <code>628</code>
      <code>629</code>
      <code>630</code>
      <code>631</code>
      <code>632</code>
      <code>633</code>
      <code>634</code>
      <code>635</code>
      <code>636</code>
      <code>637</code>
      <code>638</code>
      <code>639</code>
      <code>640</code>
      <code>641</code>
      <code>642</code>
      <code>643</code>
      <code>644</code>
      <code>645</code>
      <code>646</code>
      <code>647</code>
      <code>648</code>
      <code>649</code>
      <code>650</code>
      <code>651</code>
      <code>652</code>
      <code>653</code>
      <code>654</code>
      <code>655</code>
      <code>656</code>
      <code>657</code>
      <code>658</code>
      <code>659</code>
      <code>660</code>
      <code>661</code>
      <code>662</code>
      <code>663</code>
      <code>664</code>
      <code>665</code>
      <code>666</code>
      <code>667</code>
      <code>668</code>
      <code>669</code>
      <code>670</code>
      <code>671</code>
      <code>672</code>
      <code>673</code>
      <code>674</code>
      <code>675</code>
      <code>676</code>
      <code>677</code>
      <code>678</code>
      <code>679</code>
      <code>680</code>
      <code>681</code>
      <code>682</code>
      <code>683</code>
      <code>684</code>
      <code>685</code>
      <code>686</code>
      <code>687</code>
      <code>688</code>
      <code>689</code>
      <code>690</code>
      <code>691</code>
      <code>692</code>
      <code>693</code>
      <code>694</code>
      <code>695</code>
      <code>696</code>
      <code>697</code>
      <code>698</code>
      <code>699</code>
      <code>700</code>
      <code>701</code>
      <code>702</code>
      <code>703</code>
      <code>704</code>
      <code>705</code>
      <code>706</code>
      <code>707</code>
      <code>708</code>
      <code>709</code>
      <code>710</code>
      <code>711</code>
      <code>712</code>
      <code>713</code>
      <code>714</code>
      <code>715</code>
      <code>716</code>
      <code>717</code>
      <code>718</code>
      <code>719</code>
      <code>720</code>
      <code>721</code>
      <code>722</code>
      <code>723</code>
      <code>724</code>
      <code>725</code>
      <code>726</code>
      <code>727</code>
      <code>728</code>
      <code>729</code>
      <code>730</code>
      <code>731</code>
      <code>732</code>
      <code>733</code>
      <code>734</code>
      <code>735</code>
      <code>736</code>
      <code>737</code>
      <code>738</code>
      <code>739</code>
      <code>740</code>
      <code>741</code>
      <code>742</code>
      <code>743</code>
      <code>744</code>
      <code>745</code>
      <code>746</code>
      <code>747</code>
      <code>748</code>
      <code>749</code>
      <code>750</code>
      <code>751</code>
      <code>752</code>
      <code>753</code>
      <code>754</code>
      <code>755</code>
      <code>756</code>
      <code>757</code>
      <code>758</code>
      <code>759</code>
      <code>760</code>
      <code>761</code>
      <code>762</code>
      <code>763</code>
      <code>764</code>
      <code>765</code>
      <code>766</code>
      <code>767</code>
      <code>768</code>
      <code>769</code>
      <code>770</code>
      <code>771</code>
    </version>
  </codeset>
  <codeset>
    <id>pos</id>
    <name>Place of Service - code source 237</name>
    <data_ele>1331</data_ele>
    <version>
      <code>01</code>
      <code>03</code>
      <code>04</code>
      <code>05</code>
      <code>06</code>
      <code>07</code>
      <code>08</code>
      <code>09</code>
      <code>11</code>
      <code>12</code>
      <code>13</code>
      <code>14</code>
      <code>15</code>
      <code>16</code>
      <code>20</code>
      <code>21</code>
      <code>22</code>
      <code>23</code>
      <code>24</code>
      <code>25</code>
      <code>26</code>
      <code>31</code>
      <code>32</code>
      <code>33</code>
      <code>34</code>
      <code>41</code>
      <code>42</code>
      <code>49</code>
      <code>50</code>
      <code>51</code>
      <code>52</code>
      <code>53</code>
      <code>54</code>
      <code>55</code>
      <code>56</code>
      <code>57</code>
      <code>60</code>
      <code>61</code>
      <code>62</code>
      <code>65</code>
      <code>71</code>
      <code>72</code>
      <code>81</code>
      <code>99</code>
    </version>
  </codeset>
</codesets>
